Attrition,BusinessTravel,Department,EnvironmentSatisfaction,JobInvolvement,JobLevel,JobSatisfaction,MonthlyIncome,OverTime,PercentSalaryHike,RelationshipSatisfaction,StockOptionLevel,WorkLifeBalance,YearsSinceLastPromotion,Attrition_bin,OverTime_bin,BusinessTravel_ord
Yes,Travel_Rarely,Sales,2,3,2,4,5993,Yes,11,1,0,1,0,1,1,1
No,Travel_Frequently,Research & Development,3,2,2,2,5130,No,23,4,1,3,1,0,0,2
Yes,Travel_Rarely,Research & Development,4,2,1,3,2090,Yes,15,2,0,3,0,1,1,1
No,Travel_Frequently,Research & Development,4,3,1,3,2909,Yes,11,3,0,3,3,0,1,2
No,Travel_Rarely,Research & Development,1,3,1,2,3468,No,12,4,1,3,2,0,0,1
No,Travel_Frequently,Research & Development,4,3,1,4,3068,No,13,3,0,2,3,0,0,2
No,Travel_Rarely,Research & Development,3,4,1,1,2670,Yes,20,1,3,2,0,0,1,1
No,Travel_Rarely,Research & Development,4,3,1,3,2693,No,22,2,1,3,0,0,0,1
No,Travel_Frequently,Research & Development,4,2,3,3,9526,No,21,2,0,3,1,0,0,2
No,Travel_Rarely,Research & Development,3,3,2,3,5237,No,13,2,2,2,7,0,0,1
No,Travel_Rarely,Research & Development,1,4,1,2,2426,No,13,3,1,3,0,0,0,1
No,Travel_Rarely,Research & Development,4,2,2,3,4193,Yes,12,4,0,3,0,0,1,1
No,Travel_Rarely,Research & Development,1,3,1,3,2911,No,17,4,1,2,4,0,0,1
No,Travel_Rarely,Research & Development,2,3,1,4,2661,No,11,3,1,3,1,0,0,1
Yes,Travel_Rarely,Research & Development,3,2,1,3,2028,Yes,14,2,0,3,0,1,1,1
No,Travel_Rarely,Research & Development,2,4,3,1,9980,No,11,3,1,3,8,0,0,1
No,Travel_Rarely,Research & Development,1,4,1,2,3298,Yes,12,4,2,2,0,0,1,1
No,Non-Travel,Research & Development,4,4,1,4,2935,Yes,13,2,2,2,0,0,1,0
No,Travel_Rarely,Sales,1,2,4,4,15427,No,16,3,0,3,3,0,0,1
No,Travel_Rarely,Research & Development,4,3,1,4,3944,Yes,11,3,0,3,1,0,1,1
No,Non-Travel,Research & Development,1,4,2,3,4011,No,18,4,1,2,1,0,0,0
Yes,Travel_Rarely,Sales,3,2,1,1,3407,No,23,2,0,3,0,1,0,1
No,Travel_Rarely,Research & Development,1,3,3,2,11994,No,11,3,0,3,2,0,0,1
No,Travel_Rarely,Research & Development,3,3,1,4,1232,No,14,4,0,3,0,0,0,1
Yes,Travel_Rarely,Research & Development,2,3,1,1,2960,No,11,3,0,3,1,1,0,1
No,Travel_Rarely,Research & Development,3,3,5,3,19094,No,11,4,1,2,4,0,0,1
Yes,Travel_Frequently,Research & Development,2,1,1,1,3919,Yes,22,2,0,3,6,1,1,2
No,Travel_Rarely,Sales,3,3,2,2,6825,No,11,4,1,3,4,0,0,1
No,Travel_Rarely,Research & Development,1,2,3,4,10248,No,14,4,1,3,5,0,0,1
No,Travel_Rarely,Sales,2,3,5,1,18947,No,12,4,0,2,2,0,0,1
No,Travel_Rarely,Research & Development,3,3,1,4,2496,No,11,4,0,3,0,0,0,1
No,Travel_Rarely,Research & Development,4,3,2,4,6465,Yes,13,4,0,4,1,0,1,1
No,Travel_Rarely,Research & Development,4,2,1,3,2206,No,13,1,0,3,1,0,0,1
Yes,Travel_Rarely,Sales,4,3,2,4,2086,No,14,3,1,4,0,1,0,1
Yes,Travel_Rarely,Research & Development,2,3,1,4,2293,Yes,16,1,1,2,2,1,1,1
No,Travel_Rarely,Research & Development,4,4,1,3,2645,No,12,4,2,2,1,0,0,1
Yes,Travel_Rarely,Sales,1,2,1,3,2683,Yes,14,3,0,3,0,1,1,1
No,Travel_Rarely,Sales,4,3,1,4,2014,No,13,1,0,3,2,0,0,1
No,Travel_Rarely,Research & Development,2,2,1,1,3419,Yes,14,4,1,4,0,0,1,1
No,Travel_Frequently,Sales,3,4,2,1,5376,No,19,1,2,3,1,0,0,2
No,Travel_Rarely,Research & Development,3,3,1,4,1951,No,12,3,1,3,0,0,0,1
No,Travel_Rarely,Research & Development,4,3,1,1,2341,No,13,4,1,3,0,0,0,1
Yes,Travel_Rarely,Research & Development,1,1,1,3,2293,No,12,3,0,2,0,1,0,1
No,Travel_Frequently,Sales,4,3,3,3,8726,No,15,4,0,3,1,0,0,2
No,Travel_Frequently,Research & Development,3,3,2,4,4011,No,23,4,0,3,3,0,0,2
Yes,Travel_Rarely,Research & Development,2,3,5,3,19545,No,12,4,0,3,15,1,0,1
No,Non-Travel,Sales,2,3,2,3,4568,No,20,3,0,3,8,0,0,0
No,Travel_Rarely,Research & Development,2,3,1,2,3022,No,21,1,0,3,0,0,0,1
No,Travel_Frequently,Sales,1,3,2,4,5772,Yes,21,3,0,3,0,0,1,2
No,Travel_Rarely,Research & Development,4,4,1,4,2269,No,19,4,0,3,0,0,0,1
Yes,Travel_Rarely,Research & Development,1,2,3,3,5381,Yes,13,4,0,3,0,1,1,1
Yes,Travel_Rarely,Research & Development,3,3,1,3,3441,Yes,13,3,0,2,2,1,1,1
No,Travel_Rarely,Sales,2,3,2,1,5454,Yes,21,3,1,2,1,0,1,1
No,Non-Travel,Research & Development,3,2,3,1,9884,Yes,13,3,1,3,2,0,1,0
No,Travel_Rarely,Sales,3,2,2,4,4157,Yes,19,3,1,2,0,0,1,1
No,Travel_Frequently,Research & Development,1,3,3,4,13458,Yes,12,3,0,3,8,0,1,2
No,Travel_Frequently,Sales,2,3,3,1,9069,No,22,4,1,2,1,0,0,2
No,Travel_Rarely,Research & Development,3,3,1,1,4014,Yes,15,3,1,3,2,0,1,1
No,Travel_Rarely,Research & Development,4,3,2,4,5915,No,22,4,1,2,1,0,0,1
No,Travel_Rarely,Research & Development,1,2,2,3,5993,No,18,3,1,4,0,0,0,1
No,Travel_Rarely,Research & Development,1,3,2,4,6162,Yes,22,2,1,3,7,0,1,1
No,Travel_Frequently,Research & Development,4,3,2,4,2406,No,11,4,0,3,9,0,0,2
No,Travel_Rarely,Research & Development,2,2,5,3,18740,Yes,12,4,1,2,13,0,1,1
No,Travel_Rarely,Sales,1,3,3,1,7637,No,11,4,0,2,7,0,0,1
No,Travel_Rarely,Research & Development,3,3,3,3,10096,No,13,2,3,3,12,0,0,1
No,Travel_Rarely,Research & Development,4,3,4,3,14756,Yes,14,3,3,3,0,0,1,1
No,Travel_Frequently,Research & Development,2,2,2,2,6499,No,13,3,0,3,0,0,0,2
No,Travel_Rarely,Research & Development,2,3,3,1,9724,No,17,3,1,3,0,0,0,1
No,Travel_Frequently,Research & Development,2,3,1,1,2194,No,13,4,1,2,1,0,0,2
Yes,Travel_Rarely,Research & Development,4,2,1,3,3388,Yes,17,1,1,2,0,1,1,1
No,Travel_Frequently,Sales,1,2,2,3,5473,No,11,4,0,2,1,0,0,2
No,Travel_Rarely,Research & Development,3,3,1,2,2703,No,23,4,1,3,0,0,0,1
No,Travel_Rarely,Research & Development,3,3,1,2,2501,No,17,2,0,3,1,0,0,1
No,Travel_Rarely,Research & Development,2,3,2,2,6220,No,17,2,2,3,0,0,0,1
No,Travel_Rarely,Research & Development,2,4,1,4,3038,No,12,2,0,3,0,0,0,1
No,Travel_Rarely,Research & Development,3,3,2,4,4424,No,23,4,0,3,1,0,0,1
No,Travel_Rarely,Sales,3,2,2,1,4312,No,14,2,0,3,2,0,0,1
No,Travel_Rarely,Research & Development,4,3,3,1,13245,Yes,14,2,0,4,0,0,1,1
No,Travel_Rarely,Research & Development,1,3,3,3,13664,No,13,1,0,4,0,0,0,1
No,Travel_Rarely,Human Resources,2,3,2,2,5021,Yes,22,4,1,3,0,0,1,1
No,Travel_Rarely,Research & Development,4,2,2,4,5126,Yes,12,3,2,2,3,0,1,1
No,Travel_Rarely,Research & Development,2,2,1,3,2859,No,18,1,0,3,0,0,0,1
No,Travel_Rarely,Sales,1,3,3,4,10239,No,14,4,1,3,1,0,0,1
No,Non-Travel,Research & Development,2,1,2,4,5329,Yes,12,4,3,3,1,0,1,0
No,Travel_Rarely,Research & Development,1,3,2,2,4325,No,15,3,0,3,1,0,0,1
No,Travel_Rarely,Research & Development,4,1,3,4,7260,No,11,1,0,2,0,0,0,1
No,Travel_Rarely,Sales,3,3,1,1,2322,No,13,3,1,3,0,0,0,1
No,Travel_Rarely,Research & Development,4,3,1,4,2075,No,23,2,2,3,0,0,0,1
No,Travel_Rarely,Research & Development,3,2,2,4,4152,No,19,1,3,3,10,0,0,1
Yes,Travel_Rarely,Sales,3,2,3,4,9619,No,16,4,0,3,4,1,0,1
No,Travel_Frequently,Research & Development,3,2,4,2,13503,No,22,4,1,2,11,0,0,2
No,Travel_Rarely,Sales,3,3,2,4,5441,Yes,22,4,0,1,1,0,1,1
No,Travel_Rarely,Sales,3,2,2,2,5209,Yes,12,2,3,2,2,0,1,1
No,Travel_Frequently,Research & Development,3,2,3,1,10673,Yes,13,3,1,2,9,0,1,2
No,Travel_Rarely,Sales,2,3,2,3,5010,No,16,1,0,3,5,0,0,1
No,Travel_Rarely,Research & Development,1,3,3,3,13549,No,12,1,1,1,0,0,0,1
No,Travel_Rarely,Sales,1,3,2,3,4999,No,21,1,1,2,0,0,0,1
No,Non-Travel,Sales,2,3,2,3,4221,No,15,2,0,4,0,0,0,0
No,Travel_Rarely,Sales,4,3,4,3,13872,No,13,3,0,2,1,0,0,1
No,Non-Travel,Research & Development,2,3,2,2,2042,No,12,3,1,4,1,0,0,0
Yes,Travel_Rarely,Human Resources,3,3,1,1,2073,Yes,22,4,0,3,0,1,1,1
No,Travel_Rarely,Research & Development,4,3,1,1,2956,No,13,4,0,3,0,0,0,1
Yes,Travel_Frequently,Research & Development,4,2,1,4,2926,Yes,18,2,0,3,1,1,1,2
No,Travel_Rarely,Research & Development,1,3,2,3,4809,No,14,3,0,3,2,0,0,1
No,Non-Travel,Research & Development,3,2,2,4,5163,No,14,4,1,4,0,0,0,0
No,Non-Travel,Human Resources,3,2,5,4,18844,No,21,4,1,3,2,0,0,0
No,Travel_Frequently,Research & Development,1,3,5,2,18172,Yes,19,1,0,2,0,0,1,2
Yes,Travel_Rarely,Sales,3,2,2,3,5744,Yes,11,4,0,3,0,1,1,1
No,Travel_Rarely,Research & Development,4,2,1,4,2889,No,11,3,2,3,2,0,0,1
No,Travel_Rarely,Research & Development,2,3,1,4,2871,No,15,3,0,3,0,0,0,1
No,Travel_Frequently,Research & Development,1,2,3,1,7484,No,20,3,0,2,12,0,0,2
Yes,Travel_Frequently,Research & Development,1,1,2,3,6074,Yes,24,4,0,3,0,1,1,2
No,Non-Travel,Human Resources,4,4,4,4,17328,Yes,12,3,0,3,4,0,1,0
No,Travel_Rarely,Research & Development,2,3,1,3,2774,No,12,3,1,3,1,0,0,1
No,Travel_Rarely,Research & Development,3,2,2,2,4505,No,15,3,1,3,0,0,0,1
No,Travel_Rarely,Sales,3,3,3,4,7428,No,12,1,0,3,1,0,0,1
No,Travel_Rarely,Research & Development,3,2,3,1,11631,No,12,4,0,3,5,0,0,1
No,Travel_Frequently,Sales,2,3,3,4,9738,No,14,3,1,3,2,0,0,2
No,Travel_Rarely,Research & Development,1,3,1,4,2835,No,22,1,1,3,0,0,0,1
No,Travel_Frequently,Sales,3,3,4,4,16959,Yes,12,4,2,4,4,0,1,2
No,Travel_Frequently,Research & Development,1,1,1,3,2613,No,25,3,3,2,0,0,0,2
No,Non-Travel,Sales,3,3,2,2,6146,No,13,1,1,4,0,0,0,0
Yes,Travel_Rarely,Research & Development,2,3,1,2,4963,Yes,18,1,3,3,4,1,1,1
No,Travel_Rarely,Research & Development,1,3,5,3,19537,No,13,3,0,3,15,0,0,1
Yes,Travel_Rarely,Sales,2,1,2,3,6172,Yes,18,2,0,2,7,1,1,1
No,Travel_Rarely,Research & Development,3,2,1,2,2368,No,19,3,0,2,4,0,0,1
Yes,Travel_Rarely,Research & Development,4,3,3,4,10312,No,12,4,1,2,15,1,0,1
Yes,Travel_Rarely,Sales,4,3,1,3,1675,Yes,19,4,0,2,0,1,1,1
No,Travel_Rarely,Research & Development,3,3,1,4,2523,No,14,3,1,3,2,0,0,1
No,Travel_Rarely,Research & Development,3,3,2,1,6567,No,14,3,0,2,5,0,0,1
No,Travel_Frequently,Research & Development,2,4,1,3,4739,No,12,4,0,3,1,0,0,2
No,Travel_Frequently,Sales,3,3,3,4,9208,No,11,4,0,3,2,0,0,2
Yes,Travel_Rarely,Sales,2,1,2,3,4559,Yes,11,3,1,3,2,1,1,1
No,Travel_Rarely,Sales,3,3,3,3,8189,Yes,13,3,1,3,0,0,1,1
No,Travel_Rarely,Human Resources,3,3,1,3,2942,No,23,4,1,3,5,0,0,1
No,Travel_Rarely,Research & Development,2,3,2,2,4941,No,20,4,2,3,0,0,0,1
Yes,Travel_Frequently,Research & Development,1,1,3,4,10650,No,15,4,0,3,0,1,0,2
No,Travel_Rarely,Sales,4,2,2,3,5902,No,14,3,1,4,5,0,0,1
No,Travel_Rarely,Sales,1,2,2,3,8639,No,18,4,0,3,2,0,0,1
No,Travel_Rarely,Human Resources,3,3,2,4,6347,Yes,19,4,0,1,4,0,1,1
Yes,Travel_Rarely,Research & Development,1,3,1,1,4200,No,22,1,0,4,0,1,0,1
No,Travel_Rarely,Research & Development,3,3,1,4,3452,No,13,2,0,2,0,0,0,1
No,Travel_Rarely,Research & Development,4,3,2,3,4317,Yes,20,2,0,3,2,0,1,1
No,Travel_Rarely,Research & Development,1,3,1,3,2632,No,14,3,0,2,0,0,0,1
No,Travel_Frequently,Sales,4,1,2,4,4668,No,17,4,3,4,0,0,0,2
No,Travel_Rarely,Research & Development,4,3,1,1,3204,No,14,4,1,3,2,0,0,1
No,Travel_Rarely,Research & Development,2,2,1,4,2720,No,13,4,0,3,1,0,0,1
No,Travel_Frequently,Research & Development,4,2,4,1,17181,No,13,2,1,2,7,0,0,2
No,Travel_Rarely,Research & Development,3,3,1,1,2238,No,21,4,1,3,1,0,0,1
No,Travel_Rarely,Research & Development,2,3,1,2,1483,No,14,4,0,3,0,0,0,1
No,Travel_Frequently,Research & Development,2,3,2,2,5605,No,11,1,1,3,2,0,0,2
No,Travel_Rarely,Sales,3,3,3,2,7295,No,13,1,2,3,0,0,0,1
No,Travel_Rarely,Sales,2,3,2,3,2306,Yes,20,4,1,1,4,0,1,1
No,Travel_Rarely,Research & Development,2,3,2,2,2348,No,18,3,1,1,0,0,0,1
No,Travel_Frequently,Sales,2,3,3,4,8998,No,14,4,0,3,3,0,0,2
No,Non-Travel,Research & Development,4,3,2,3,4319,No,13,1,1,3,0,0,0,0
No,Travel_Rarely,Research & Development,2,2,2,3,6132,No,17,3,0,3,0,0,0,1
No,Travel_Rarely,Research & Development,2,2,1,2,3346,Yes,20,2,1,2,0,0,1,1
No,Travel_Rarely,Sales,3,2,3,4,10855,No,11,1,1,2,2,0,0,1
No,Travel_Frequently,Sales,3,3,1,3,2231,No,18,4,1,3,1,0,0,2
No,Travel_Rarely,Research & Development,3,3,1,4,2323,No,24,1,2,3,2,0,0,1
No,Non-Travel,Research & Development,4,3,1,2,2024,No,18,4,1,1,2,0,0,0
No,Travel_Rarely,Research & Development,3,3,1,4,2713,No,11,3,1,1,0,0,0,1
No,Travel_Rarely,Research & Development,3,4,3,4,9439,Yes,16,2,1,1,1,0,1,1
No,Non-Travel,Research & Development,3,2,1,3,2566,Yes,15,4,1,2,0,0,1,0
No,Travel_Rarely,Research & Development,3,3,5,2,19926,No,15,2,0,3,4,0,0,1
No,Travel_Rarely,Research & Development,1,3,1,3,2451,No,12,1,1,3,1,0,0,1
No,Travel_Rarely,Sales,2,3,3,4,9419,No,12,3,1,3,7,0,0,1
No,Travel_Rarely,Sales,1,2,2,4,8686,No,22,3,0,4,0,0,0,1
No,Travel_Rarely,Research & Development,3,3,1,3,3038,No,20,1,0,3,1,0,0,1
No,Travel_Rarely,Research & Development,3,3,1,2,3058,Yes,16,4,1,2,1,0,1,1
Yes,Travel_Frequently,Sales,3,1,1,1,2325,No,21,1,0,4,0,1,0,2
No,Travel_Frequently,Research & Development,4,3,1,2,2088,No,12,3,0,2,7,0,0,2
No,Non-Travel,Research & Development,3,3,2,1,3072,No,11,3,2,3,6,0,0,0
No,Travel_Rarely,Sales,3,3,2,1,5006,Yes,11,1,1,4,0,0,1,1
No,Travel_Rarely,Research & Development,3,3,1,1,4257,Yes,18,3,1,3,2,0,1,1
No,Travel_Rarely,Research & Development,3,3,1,4,2500,No,14,1,0,4,0,0,0,1
Yes,Travel_Rarely,Research & Development,2,2,1,4,1102,No,22,3,0,2,1,1,0,1
No,Travel_Rarely,Sales,2,3,3,1,10453,No,25,3,3,3,15,0,0,1
No,Travel_Rarely,Research & Development,3,3,1,4,2288,No,12,3,0,3,2,0,0,1
No,Travel_Rarely,Research & Development,3,3,1,4,3929,Yes,23,3,1,3,0,0,1,1
No,Travel_Rarely,Research & Development,4,3,1,2,2311,No,15,4,0,3,1,0,0,1
Yes,Travel_Rarely,Sales,2,3,1,2,3140,Yes,22,4,0,2,0,1,1,1
No,Travel_Rarely,Research & Development,3,2,1,3,3690,No,15,4,1,2,0,0,0,1
No,Travel_Rarely,Research & Development,4,4,2,1,4450,No,11,3,2,3,1,0,0,1
No,Travel_Rarely,Research & Development,4,3,1,2,2756,No,13,4,1,3,1,0,0,1
No,Travel_Rarely,Research & Development,4,3,5,3,19033,No,14,2,1,3,9,0,0,1
No,Travel_Rarely,Research & Development,3,4,5,2,18722,No,11,4,0,3,2,0,0,1
No,Travel_Frequently,Research & Development,4,2,2,3,9547,No,17,3,0,2,1,0,0,2
No,Travel_Rarely,Research & Development,4,3,4,2,13734,No,18,3,0,3,1,0,0,1
No,Travel_Rarely,Research & Development,3,2,5,3,19999,No,14,1,1,3,11,0,0,1
No,Travel_Rarely,Research & Development,4,3,1,2,2279,No,16,4,0,2,0,0,0,1
Yes,Travel_Rarely,Research & Development,2,2,2,3,5916,Yes,13,1,0,3,0,1,1,1
No,Non-Travel,Research & Development,4,4,1,4,2089,No,14,4,3,4,2,0,0,0
No,Non-Travel,Research & Development,1,2,4,4,16792,No,23,4,1,3,11,0,0,0
No,Travel_Rarely,Research & Development,2,4,1,1,3564,Yes,12,1,1,2,1,0,1,1
No,Travel_Frequently,Research & Development,2,3,2,2,4425,No,11,4,0,3,1,0,0,2
No,Non-Travel,Research & Development,3,3,2,3,5265,No,16,2,1,3,0,0,0,0
No,Travel_Rarely,Research & Development,4,3,2,3,6553,No,14,2,0,3,0,0,0,1
No,Travel_Rarely,Research & Development,4,3,2,4,6261,No,18,1,1,1,1,0,0,1
No,Travel_Frequently,Research & Development,3,2,2,1,4298,No,19,3,1,3,2,0,0,2
No,Non-Travel,Research & Development,4,3,2,4,6804,Yes,15,1,2,3,1,0,1,0
No,Travel_Frequently,Research & Development,4,3,1,3,3815,Yes,17,4,1,4,2,0,1,2
No,Travel_Rarely,Research & Development,3,3,2,4,2741,Yes,15,3,1,4,3,0,1,1
Yes,Travel_Rarely,Research & Development,2,3,2,1,6673,Yes,19,2,0,3,0,1,1,1
Yes,Travel_Rarely,Sales,2,3,3,4,7639,No,22,4,3,2,1,1,0,1
No,Travel_Rarely,Research & Development,4,4,1,2,2328,Yes,16,1,1,2,2,0,1,1
No,Travel_Frequently,Research & Development,2,3,1,4,2153,No,13,1,0,3,1,0,0,2
No,Non-Travel,Research & Development,4,2,2,4,4876,No,14,4,1,1,0,0,0,0
No,Travel_Rarely,Research & Development,4,3,3,1,9396,No,16,3,1,3,0,0,0,1
Yes,Travel_Rarely,Sales,4,1,3,4,10400,No,11,3,0,2,9,1,0,1
No,Non-Travel,Research & Development,3,2,3,3,8474,No,22,3,0,3,5,0,0,0
No,Travel_Frequently,Sales,4,3,2,3,9981,No,14,4,0,3,0,0,0,2
No,Travel_Rarely,Research & Development,2,2,3,2,12490,No,16,4,2,1,4,0,0,1
Yes,Travel_Rarely,Research & Development,4,3,1,1,2657,Yes,11,3,0,3,0,1,1,1
No,Travel_Rarely,Sales,4,3,3,4,13591,Yes,18,3,0,3,0,0,1,1
Yes,Travel_Frequently,Sales,3,2,2,1,6696,No,15,3,0,2,0,1,0,2
Yes,Travel_Rarely,Research & Development,3,3,1,3,2058,No,14,4,0,2,1,1,0,1
No,Non-Travel,Sales,4,2,3,4,8865,No,12,4,0,3,12,0,0,0
No,Travel_Rarely,Sales,4,3,2,1,5940,No,14,4,1,3,0,0,0,1
No,Travel_Rarely,Research & Development,4,3,2,2,5914,No,16,4,0,4,3,0,0,1
No,Travel_Rarely,Research & Development,3,2,1,2,2622,No,21,4,0,3,1,0,0,1
No,Travel_Frequently,Research & Development,2,3,3,4,12185,Yes,14,3,3,3,0,0,1,2
No,Travel_Rarely,Sales,1,3,3,3,10609,No,12,3,2,2,5,0,0,1
No,Non-Travel,Research & Development,3,1,2,3,4345,No,12,4,1,3,1,0,0,0
No,Travel_Rarely,Research & Development,3,2,1,4,2177,No,17,1,1,3,0,0,0,1
No,Travel_Frequently,Sales,1,3,1,4,2793,No,17,3,1,3,5,0,0,2
No,Travel_Frequently,Sales,2,3,3,4,7918,No,14,4,1,3,4,0,0,2
No,Travel_Frequently,Sales,3,3,3,3,8789,No,14,1,0,4,0,0,0,2
Yes,Travel_Rarely,Research & Development,3,2,1,4,2389,Yes,13,3,0,2,0,1,1,1
No,Travel_Rarely,Research & Development,3,2,1,4,3212,No,15,2,0,2,2,0,0,1
No,Travel_Rarely,Research & Development,3,3,5,4,19232,No,11,4,0,3,11,0,0,1
No,Travel_Rarely,Human Resources,2,3,1,3,2267,No,17,4,0,2,2,0,0,1
No,Travel_Rarely,Sales,4,3,5,4,19517,No,11,3,1,2,0,0,0,1
Yes,Travel_Rarely,Research & Development,3,3,1,4,2436,Yes,13,3,1,1,0,1,1,1
No,Travel_Rarely,Sales,4,3,4,4,16064,Yes,22,3,1,3,1,0,1,1
Yes,Travel_Rarely,Research & Development,1,3,1,1,2707,No,20,1,0,4,1,1,0,1
No,Non-Travel,Sales,1,2,5,3,19068,Yes,18,4,0,4,15,0,1,0
No,Travel_Rarely,Sales,3,3,1,2,3931,No,11,1,1,3,1,0,0,1
Yes,Travel_Rarely,Research & Development,4,2,1,3,3730,Yes,14,4,0,1,1,1,1,1
No,Travel_Rarely,Research & Development,3,3,1,3,2232,No,14,3,3,3,1,0,0,1
No,Non-Travel,Sales,3,3,2,4,4465,No,18,1,0,3,2,0,0,0
No,Travel_Rarely,Research & Development,3,3,2,1,3072,No,16,1,2,2,0,0,0,1
No,Travel_Rarely,Research & Development,1,3,2,4,3319,No,17,1,2,3,4,0,0,1
No,Travel_Rarely,Research & Development,3,4,5,4,19202,No,11,3,1,3,1,0,0,1
No,Travel_Frequently,Research & Development,2,3,3,3,13675,No,12,1,1,3,2,0,0,2
No,Travel_Rarely,Research & Development,3,2,1,4,2911,No,13,3,1,2,0,0,0,1
No,Travel_Rarely,Research & Development,4,2,2,1,5957,No,13,2,1,3,5,0,0,1
No,Travel_Rarely,Research & Development,3,2,1,1,3920,No,14,1,1,2,0,0,0,1
No,Travel_Frequently,Research & Development,1,4,2,3,6434,No,17,4,1,3,0,0,0,2
Yes,Travel_Frequently,Research & Development,1,3,3,3,10048,No,11,2,2,3,0,1,0,2
No,Travel_Frequently,Research & Development,3,3,3,3,10938,No,25,4,0,3,11,0,0,2
No,Travel_Rarely,Research & Development,3,3,1,4,2340,No,19,1,0,3,1,0,0,1
No,Travel_Rarely,Research & Development,4,4,2,1,6545,Yes,13,3,0,3,0,0,1,1
No,Travel_Rarely,Sales,4,3,2,4,6931,No,14,4,1,3,0,0,0,1
No,Travel_Rarely,Research & Development,1,3,2,3,4898,No,12,4,2,3,1,0,0,1
No,Travel_Rarely,Research & Development,4,2,1,1,2593,Yes,11,3,1,3,7,0,1,1
No,Travel_Rarely,Research & Development,1,3,5,3,19436,No,19,4,1,3,3,0,0,1
No,Travel_Rarely,Research & Development,3,3,1,4,2723,No,11,2,0,2,0,0,0,1
Yes,Travel_Frequently,Research & Development,3,2,1,2,3479,No,11,2,0,4,1,1,0,2
No,Travel_Frequently,Research & Development,2,4,1,2,2794,No,20,3,0,1,0,0,0,2
No,Non-Travel,Sales,4,2,2,4,5249,No,18,4,1,3,7,0,0,0
No,Travel_Rarely,Research & Development,4,2,2,1,2176,No,13,4,0,3,0,0,0,1
No,Travel_Rarely,Sales,3,1,4,2,16872,Yes,12,2,1,2,7,0,1,1
Yes,Travel_Rarely,Research & Development,1,3,1,3,3485,No,11,3,0,1,0,1,0,1
No,Travel_Rarely,Sales,1,2,2,2,6644,No,19,2,2,3,0,0,0,1
No,Travel_Rarely,Research & Development,2,2,2,4,5582,No,21,2,1,3,7,0,0,1
No,Non-Travel,Research & Development,2,4,2,1,4000,No,12,4,2,3,1,0,0,0
No,Travel_Rarely,Research & Development,3,3,4,4,13496,Yes,14,2,0,3,4,0,1,1
No,Travel_Rarely,Research & Development,4,3,1,4,3210,No,11,3,1,3,10,0,0,1
No,Travel_Rarely,Research & Development,4,3,5,1,19045,Yes,14,3,0,3,4,0,1,1
Yes,Non-Travel,Research & Development,1,3,3,2,11849,Yes,12,4,1,2,9,1,1,0
No,Travel_Rarely,Research & Development,4,3,1,4,2070,No,23,4,1,2,0,0,0,1
No,Travel_Rarely,Sales,3,3,2,4,6502,No,14,2,1,4,0,0,0,1
No,Travel_Rarely,Research & Development,4,2,1,3,3230,No,17,1,0,4,1,0,0,1
No,Non-Travel,Research & Development,1,3,3,4,13603,Yes,18,1,2,3,0,0,1,0
No,Travel_Rarely,Research & Development,2,4,3,2,11996,No,18,2,1,2,6,0,0,1
No,Travel_Rarely,Sales,1,4,2,1,5605,Yes,24,3,1,3,7,0,1,1
No,Travel_Frequently,Research & Development,3,3,2,2,6397,No,20,1,1,1,1,0,0,2
No,Travel_Rarely,Research & Development,1,3,5,2,19144,No,14,1,2,2,1,0,0,1
No,Travel_Rarely,Research & Development,3,3,4,3,17584,Yes,16,4,3,2,1,0,1,1
No,Travel_Rarely,Sales,2,3,2,3,4907,No,25,3,0,3,11,0,0,1
No,Travel_Frequently,Sales,2,3,2,4,4554,No,18,1,0,2,0,0,0,2
No,Travel_Rarely,Research & Development,2,3,2,4,5415,Yes,19,4,1,3,0,0,1,1
No,Travel_Frequently,Research & Development,1,3,2,1,4741,Yes,13,3,1,3,3,0,1,2
No,Travel_Rarely,Research & Development,4,3,1,4,2115,No,12,2,0,3,5,0,0,1
Yes,Travel_Frequently,Research & Development,4,3,1,3,3161,Yes,22,4,1,1,0,1,1,2
No,Travel_Rarely,Research & Development,4,3,2,4,5745,No,14,2,1,3,1,0,0,1
Yes,Travel_Rarely,Research & Development,1,3,1,2,2373,Yes,13,4,1,3,0,1,1,1
No,Travel_Rarely,Research & Development,4,3,1,4,3310,No,21,4,0,3,0,0,0,1
No,Travel_Frequently,Research & Development,3,3,5,1,18665,Yes,11,4,0,3,1,0,1,2
No,Travel_Rarely,Research & Development,3,3,2,2,4485,No,12,4,0,3,7,0,0,1
No,Travel_Frequently,Sales,4,3,1,2,2789,No,11,3,1,2,2,0,0,2
Yes,Travel_Rarely,Sales,4,2,2,4,5828,Yes,12,2,0,3,7,1,1,1
No,Travel_Frequently,Research & Development,2,3,1,4,2326,Yes,12,3,3,2,1,0,1,2
No,Travel_Frequently,Sales,3,3,4,2,13525,No,14,4,1,4,4,0,0,2
Yes,Travel_Rarely,Research & Development,3,3,1,3,1420,No,13,3,0,3,0,1,0,1
No,Travel_Rarely,Sales,3,3,3,2,8020,No,15,3,2,2,6,0,0,1
No,Travel_Frequently,Research & Development,3,4,1,4,3688,No,18,4,2,3,0,0,0,2
No,Travel_Rarely,Research & Development,4,1,2,2,5482,No,18,4,1,3,1,0,0,1
No,Travel_Rarely,Sales,4,3,4,2,16015,No,19,2,0,3,0,0,0,1
No,Travel_Rarely,Sales,4,2,1,3,1200,No,12,1,0,3,0,0,0,1
No,Travel_Rarely,Research & Development,2,4,2,1,5661,No,19,3,0,3,0,0,0,1
No,Travel_Rarely,Sales,2,4,2,4,6929,No,11,2,1,2,7,0,0,1
No,Travel_Rarely,Research & Development,3,4,3,4,9613,No,17,1,3,2,3,0,0,1
No,Non-Travel,Research & Development,2,3,2,2,5674,No,15,3,1,3,0,0,0,0
No,Travel_Rarely,Sales,4,2,2,3,5484,No,14,3,1,2,4,0,0,1
No,Travel_Rarely,Research & Development,1,2,3,2,12061,No,17,3,1,3,0,0,0,1
No,Non-Travel,Research & Development,4,1,2,3,5660,Yes,13,4,1,3,1,0,1,0
No,Travel_Rarely,Research & Development,3,3,1,4,4821,Yes,12,3,1,3,0,0,1,1
No,Travel_Rarely,Human Resources,1,2,2,1,6410,No,12,4,0,3,1,0,0,1
No,Travel_Frequently,Research & Development,1,3,3,1,5210,No,18,1,1,3,9,0,0,2
No,Travel_Rarely,Research & Development,3,3,1,4,2695,Yes,18,2,1,1,2,0,1,1
No,Travel_Frequently,Research & Development,4,3,3,2,11878,No,11,2,2,3,8,0,0,2
No,Travel_Rarely,Research & Development,3,3,4,1,17068,Yes,14,4,0,3,11,0,1,1
No,Travel_Frequently,Research & Development,3,3,1,4,2455,No,19,1,0,3,1,0,0,2
No,Travel_Rarely,Research & Development,3,2,4,3,13964,Yes,12,4,0,3,0,0,1,1
Yes,Travel_Rarely,Research & Development,3,2,2,2,4941,No,15,1,0,2,7,1,0,1
No,Travel_Rarely,Research & Development,3,3,1,2,2478,Yes,12,2,0,2,1,0,1,1
No,Travel_Rarely,Sales,3,2,2,2,5228,Yes,11,4,0,3,11,0,1,1
No,Travel_Rarely,Sales,4,3,2,3,4478,Yes,11,1,0,3,0,0,1,1
No,Travel_Rarely,Sales,4,3,2,4,7547,No,12,4,3,3,1,0,0,1
No,Travel_Rarely,Research & Development,1,4,2,4,5055,No,16,3,0,2,0,0,0,1
Yes,Travel_Rarely,Research & Development,1,1,1,4,3464,Yes,13,4,0,2,2,1,1,1
No,Travel_Rarely,Research & Development,4,3,2,4,5775,No,13,4,2,3,1,0,0,1
No,Travel_Frequently,Research & Development,3,2,3,3,8943,No,24,1,1,3,8,0,0,2
No,Travel_Frequently,Research & Development,3,2,5,4,19272,No,15,1,1,3,13,0,0,2
Yes,Travel_Rarely,Sales,4,3,2,3,5238,Yes,18,1,0,2,0,1,1,1
No,Travel_Frequently,Sales,2,2,2,4,4682,No,14,3,0,2,0,0,0,2
No,Travel_Rarely,Research & Development,4,3,5,3,18300,No,11,2,1,3,1,0,0,1
No,Travel_Frequently,Research & Development,3,2,2,3,5257,No,11,2,1,4,0,0,0,2
No,Non-Travel,Sales,3,3,2,2,6349,Yes,13,4,1,3,1,0,1,0
No,Travel_Frequently,Research & Development,4,3,2,3,4869,No,12,4,0,2,0,0,0,2
No,Travel_Rarely,Research & Development,3,3,3,1,9985,No,16,1,1,2,0,0,0,1
No,Travel_Rarely,Research & Development,4,3,2,4,3697,No,14,1,2,3,9,0,0,1
No,Travel_Rarely,Sales,2,1,2,4,7457,Yes,22,3,3,2,0,0,1,1
Yes,Travel_Rarely,Research & Development,2,1,1,1,2119,Yes,11,4,0,2,0,1,1,1
No,Travel_Rarely,Research & Development,2,2,1,4,3983,No,17,3,0,3,2,0,0,1
No,Travel_Rarely,Sales,4,2,2,3,6118,No,13,3,3,3,1,0,0,1
No,Travel_Rarely,Sales,2,3,2,2,6214,No,18,1,1,3,0,0,0,1
No,Travel_Rarely,Research & Development,4,3,2,4,6347,No,16,3,2,2,0,0,0,1
No,Travel_Rarely,Research & Development,3,2,3,4,11510,Yes,14,2,1,3,2,0,1,1
No,Travel_Rarely,Research & Development,3,3,3,4,7143,Yes,14,3,0,2,4,0,1,1
No,Travel_Rarely,Sales,4,2,2,2,8268,Yes,14,1,2,3,1,0,1,1
No,Travel_Rarely,Research & Development,3,3,3,2,8095,No,13,4,0,3,0,0,0,1
No,Travel_Rarely,Research & Development,3,3,1,4,2904,No,12,3,2,2,0,0,0,1
No,Travel_Rarely,Research & Development,4,2,2,2,6032,Yes,15,4,0,3,1,0,1,1
No,Travel_Frequently,Sales,2,3,2,3,2976,No,19,1,0,3,0,0,0,2
No,Travel_Rarely,Research & Development,1,3,4,4,15992,No,14,2,0,3,0,0,0,1
No,Non-Travel,Sales,4,3,2,3,4649,No,14,1,1,2,0,0,0,0
No,Travel_Rarely,Human Resources,3,3,1,3,2696,Yes,11,3,1,3,1,0,1,1
No,Travel_Rarely,Research & Development,3,3,1,2,2370,No,13,3,1,3,0,0,0,1
No,Travel_Rarely,Sales,1,3,3,3,12504,No,21,2,1,1,0,0,0,1
No,Travel_Rarely,Research & Development,3,4,2,1,5974,Yes,13,1,2,3,6,0,1,1
No,Non-Travel,Sales,4,3,2,3,4736,Yes,12,2,1,4,2,0,1,0
No,Travel_Rarely,Sales,3,3,2,3,5296,No,17,2,1,3,7,0,0,1
No,Travel_Rarely,Research & Development,1,2,2,4,6781,No,23,2,0,3,0,0,0,1
Yes,Travel_Frequently,Sales,1,2,1,2,2174,Yes,11,3,0,3,1,1,1,2
No,Non-Travel,Sales,4,3,2,4,6653,No,15,2,0,3,0,0,0,0
No,Travel_Frequently,Sales,1,2,3,4,9699,No,11,1,1,3,1,0,0,2
No,Travel_Rarely,Research & Development,4,3,2,3,6755,No,11,3,0,3,1,0,0,1
No,Travel_Rarely,Research & Development,4,4,1,3,2213,Yes,13,3,1,3,1,0,1,1
No,Non-Travel,Sales,1,3,1,4,2610,No,24,3,0,2,2,0,0,0
Yes,Travel_Rarely,Sales,4,3,1,3,2851,Yes,13,2,0,3,0,1,1,1
No,Travel_Rarely,Research & Development,3,3,1,1,3452,No,20,2,1,3,0,0,0,1
No,Non-Travel,Research & Development,3,3,2,3,5258,No,14,3,0,4,0,0,0,0
Yes,Travel_Frequently,Sales,1,3,2,2,9355,No,18,3,0,3,7,1,0,2
No,Travel_Rarely,Research & Development,4,2,3,4,10496,No,15,4,0,3,1,0,0,1
Yes,Travel_Rarely,Sales,3,2,2,3,6380,Yes,12,1,2,3,1,1,1,1
No,Travel_Rarely,Research & Development,3,2,1,2,2657,Yes,16,4,0,3,2,0,1,1
Yes,Travel_Rarely,Sales,3,4,1,2,2716,No,15,4,0,3,0,1,0,1
No,Travel_Rarely,Research & Development,4,3,1,4,2201,No,16,4,0,3,1,0,0,1
No,Travel_Rarely,Research & Development,3,2,2,2,6540,No,19,3,0,3,0,0,0,1
No,Travel_Rarely,Research & Development,4,3,1,2,3816,No,11,2,1,3,0,0,0,1
No,Travel_Rarely,Sales,2,3,2,4,5253,No,16,4,0,3,0,0,0,1
No,Travel_Rarely,Research & Development,2,2,3,3,10965,No,24,3,0,3,0,0,0,1
No,Travel_Rarely,Sales,3,3,2,4,4936,No,11,3,1,2,0,0,0,1
No,Travel_Rarely,Research & Development,4,3,1,3,2543,No,13,2,1,3,2,0,0,1
Yes,Non-Travel,Sales,1,4,2,4,5304,Yes,13,2,0,2,0,1,1,0
No,Travel_Rarely,Research & Development,3,3,4,4,16659,Yes,13,3,0,3,1,0,1,1
No,Travel_Rarely,Sales,4,3,2,3,4260,Yes,12,4,1,4,0,0,1,1
No,Travel_Rarely,Sales,3,3,1,2,2476,No,18,1,1,3,0,0,0,1
Yes,Travel_Frequently,Research & Development,3,3,1,1,3102,No,22,3,0,3,0,1,0,2
No,Travel_Rarely,Research & Development,1,3,1,2,2244,No,13,4,1,3,1,0,0,1
No,Travel_Rarely,Sales,2,2,3,3,7596,No,13,2,2,3,9,0,0,1
Yes,Travel_Frequently,Research & Development,3,3,1,4,2285,Yes,23,3,0,3,0,1,1,2
No,Travel_Rarely,Research & Development,4,3,1,1,3034,No,12,3,1,2,12,0,0,1
No,Travel_Rarely,Sales,4,3,2,2,5715,No,12,3,2,3,1,0,0,1
No,Travel_Rarely,Research & Development,2,3,1,1,2576,No,16,2,1,3,1,0,0,1
No,Travel_Rarely,Research & Development,3,3,2,2,4197,Yes,12,4,0,2,0,0,1,1
No,Travel_Rarely,Research & Development,1,2,4,2,14336,No,11,3,1,3,3,0,0,1
No,Travel_Rarely,Research & Development,2,2,2,3,3448,No,22,2,1,3,0,0,0,1
No,Travel_Rarely,Research & Development,1,3,5,1,19406,No,11,3,1,2,1,0,0,1
No,Non-Travel,Sales,3,3,2,3,6538,No,15,1,1,3,1,0,0,0
No,Travel_Rarely,Research & Development,2,3,2,1,4306,No,12,2,1,1,3,0,0,1
No,Travel_Frequently,Research & Development,4,3,1,4,2258,No,20,1,1,3,1,0,0,2
No,Travel_Rarely,Research & Development,3,3,2,3,4522,Yes,14,4,0,3,0,0,1,1
No,Travel_Rarely,Sales,2,2,2,4,4487,Yes,11,2,0,3,1,0,1,1
No,Non-Travel,Research & Development,2,3,2,3,4449,Yes,15,1,2,3,10,0,1,0
No,Travel_Rarely,Research & Development,4,2,1,1,2218,No,12,3,1,3,3,0,0,1
No,Travel_Frequently,Research & Development,2,3,5,3,19197,Yes,14,3,1,3,1,0,1,2
No,Travel_Frequently,Sales,3,4,4,1,13212,No,11,4,3,2,7,0,0,2
No,Travel_Rarely,Sales,2,3,2,3,6577,No,11,2,0,3,4,0,0,1
No,Travel_Rarely,Sales,2,4,3,1,8392,No,16,3,1,3,0,0,0,1
No,Travel_Rarely,Research & Development,3,3,2,1,4558,No,12,4,1,3,1,0,0,1
Yes,Travel_Rarely,Research & Development,1,3,1,1,4031,No,13,3,1,3,0,1,0,1
No,Travel_Rarely,Research & Development,4,2,3,3,7969,Yes,14,3,0,3,0,0,1,1
No,Travel_Rarely,Research & Development,1,3,1,4,2654,No,21,4,2,2,0,0,0,1
No,Travel_Rarely,Research & Development,4,3,4,4,16555,No,13,4,0,1,1,0,0,1
No,Travel_Frequently,Research & Development,1,3,2,3,4556,No,11,2,1,3,0,0,0,2
No,Travel_Rarely,Research & Development,3,1,2,4,6091,No,20,3,0,3,0,0,0,1
No,Travel_Rarely,Research & Development,1,3,5,1,19566,No,11,4,0,1,11,0,0,1
No,Travel_Rarely,Research & Development,3,3,2,3,4810,No,14,3,1,2,0,0,0,1
No,Travel_Frequently,Research & Development,4,2,2,4,4523,No,11,4,3,4,0,0,0,2
Yes,Travel_Rarely,Sales,1,3,1,2,3202,Yes,16,2,0,3,1,1,1,1
Yes,Travel_Frequently,Sales,4,1,1,3,2351,No,16,4,1,2,1,1,0,2
No,Travel_Frequently,Research & Development,4,3,1,4,1702,Yes,23,3,1,3,0,0,1,2
No,Travel_Rarely,Sales,3,3,5,3,18041,No,14,4,0,3,1,0,0,1
No,Travel_Rarely,Research & Development,1,3,1,4,2886,No,22,2,2,1,0,0,0,1
No,Non-Travel,Research & Development,3,3,1,4,2097,No,15,3,1,1,1,0,0,0
No,Travel_Rarely,Research & Development,2,2,3,3,11935,No,18,3,0,3,0,0,0,1
Yes,Travel_Rarely,Research & Development,3,2,1,2,2546,No,16,2,0,4,1,1,0,1
Yes,Travel_Rarely,Human Resources,1,2,1,4,2564,No,12,3,0,4,0,1,0,1
No,Non-Travel,Sales,3,3,3,1,8412,No,11,3,0,3,7,0,0,0
No,Travel_Rarely,Sales,1,2,4,4,14118,No,12,3,1,2,0,0,0,1
No,Travel_Rarely,Research & Development,2,2,4,3,17046,No,15,2,1,3,15,0,0,1
No,Non-Travel,Research & Development,3,3,1,4,2564,No,14,3,0,2,6,0,0,0
No,Travel_Frequently,Sales,3,2,3,1,10266,No,19,4,0,4,13,0,0,2
No,Travel_Rarely,Research & Development,1,3,2,4,5070,No,13,3,3,3,0,0,0,1
No,Travel_Rarely,Research & Development,1,3,4,3,17861,No,13,3,0,1,0,0,0,1
No,Travel_Rarely,Research & Development,4,1,1,3,4230,No,15,3,0,3,4,0,0,1
No,Travel_Rarely,Research & Development,3,3,2,3,3780,No,11,3,0,3,0,0,0,1
No,Travel_Rarely,Research & Development,4,2,1,3,2768,No,12,3,1,3,5,0,0,1
No,Travel_Rarely,Sales,3,2,3,4,9071,Yes,19,3,1,3,1,0,1,1
No,Travel_Rarely,Research & Development,3,3,3,2,10648,No,25,4,1,4,0,0,0,1
Yes,Travel_Rarely,Research & Development,2,3,3,3,13610,Yes,12,4,0,4,7,1,1,1
Yes,Travel_Rarely,Research & Development,1,1,1,4,3408,No,13,1,3,3,1,1,0,1
No,Travel_Rarely,Sales,4,3,1,2,2983,No,14,1,0,3,1,0,0,1
No,Travel_Rarely,Research & Development,4,3,3,3,7632,Yes,12,3,0,3,0,0,1,1
Yes,Travel_Frequently,Research & Development,1,3,3,3,9824,No,12,1,0,3,0,1,0,2
Yes,Travel_Frequently,Human Resources,2,3,3,1,9950,Yes,15,3,3,3,0,1,1,2
No,Travel_Frequently,Research & Development,2,3,1,3,2093,No,17,4,1,3,2,0,0,2
No,Non-Travel,Sales,2,3,3,4,9980,No,14,4,0,2,9,0,0,0
Yes,Travel_Frequently,Research & Development,3,2,1,3,3894,No,16,3,0,3,1,1,0,2
No,Travel_Rarely,Sales,2,3,2,4,4051,No,14,1,1,3,6,0,0,1
No,Travel_Rarely,Sales,1,3,4,2,16835,No,23,4,0,3,7,0,0,1
No,Non-Travel,Sales,4,3,2,4,6230,No,14,4,0,3,1,0,0,0
No,Travel_Rarely,Sales,2,3,2,3,4717,No,11,3,0,3,6,0,0,1
No,Travel_Rarely,Research & Development,2,3,4,3,13237,No,15,3,0,3,5,0,0,1
No,Travel_Frequently,Research & Development,3,3,1,3,3755,No,11,1,1,3,0,0,0,2
No,Travel_Rarely,Sales,2,3,2,4,6582,Yes,13,3,0,4,0,0,1,1
No,Travel_Rarely,Research & Development,4,3,3,1,7406,Yes,21,4,1,2,5,0,1,1
No,Travel_Rarely,Sales,4,3,2,2,4805,No,19,2,1,4,3,0,0,1
Yes,Travel_Frequently,Human Resources,2,3,1,3,2741,Yes,11,2,1,2,1,1,1,2
No,Travel_Rarely,Research & Development,4,3,2,4,4262,No,12,2,2,4,1,0,0,1
No,Travel_Rarely,Research & Development,1,4,4,3,16184,No,19,3,1,3,0,0,0,1
No,Travel_Rarely,Sales,3,2,3,4,11557,No,21,3,1,2,0,0,0,1
Yes,Travel_Frequently,Sales,2,3,1,2,1878,Yes,14,4,0,3,0,1,1,2
No,Non-Travel,Sales,3,1,3,1,10932,No,15,3,1,3,0,0,0,0
No,Non-Travel,Research & Development,1,2,2,3,6811,Yes,17,1,0,3,0,0,1,0
No,Travel_Rarely,Sales,1,3,2,3,4306,No,12,1,2,3,0,0,0,1
No,Travel_Rarely,Sales,1,3,2,3,4859,No,16,4,0,3,0,0,0,1
No,Travel_Rarely,Sales,4,4,2,4,5337,No,12,4,0,3,5,0,0,1
Yes,Travel_Rarely,Research & Development,3,1,1,4,2340,Yes,18,2,0,1,0,1,1,1
No,Travel_Rarely,Research & Development,2,3,3,4,7491,No,17,4,0,4,1,0,0,1
No,Travel_Frequently,Research & Development,1,3,3,3,10527,No,11,4,0,2,1,0,0,2
No,Travel_Rarely,Sales,2,3,4,1,16595,No,16,2,1,3,11,0,0,1
No,Non-Travel,Sales,1,3,3,2,8834,No,13,4,1,3,7,0,0,0
No,Travel_Rarely,Research & Development,4,3,2,1,5577,Yes,12,2,2,3,6,0,1,1
Yes,Non-Travel,Sales,4,4,2,3,4707,No,12,4,0,3,1,1,0,0
No,Travel_Frequently,Sales,4,3,1,4,2400,No,13,3,2,3,2,0,0,2
No,Travel_Rarely,Research & Development,3,3,2,3,9824,No,19,3,1,3,0,0,0,1
No,Travel_Rarely,Research & Development,2,3,2,2,6447,No,12,2,1,2,4,0,0,1
No,Travel_Rarely,Research & Development,4,2,5,3,19502,Yes,17,3,1,3,0,0,1,1
No,Travel_Rarely,Research & Development,2,4,1,4,2725,Yes,11,2,2,3,1,0,1,1
No,Travel_Rarely,Sales,1,3,2,2,6272,No,20,4,2,4,1,0,0,1
No,Travel_Rarely,Research & Development,4,2,1,2,2127,No,21,4,1,3,0,0,0,1
No,Travel_Frequently,Human Resources,1,3,5,2,18200,No,11,3,1,3,10,0,0,2
No,Travel_Rarely,Sales,2,3,1,3,2096,No,11,3,0,3,0,0,0,1
Yes,Travel_Frequently,Research & Development,1,3,1,3,2886,Yes,16,4,1,3,1,1,1,2
Yes,Travel_Frequently,Sales,2,2,1,1,2033,No,18,3,1,4,0,1,0,2
No,Travel_Rarely,Research & Development,2,2,1,4,3622,Yes,13,4,1,3,1,0,1,1
Yes,Travel_Rarely,Sales,2,3,2,1,4233,No,17,3,0,1,1,1,0,1
No,Travel_Rarely,Research & Development,1,2,2,4,3681,No,14,4,0,3,0,0,0,1
No,Travel_Rarely,Sales,1,4,2,4,5460,No,22,4,2,4,5,0,0,1
No,Travel_Rarely,Research & Development,1,2,1,3,2187,No,12,3,2,2,0,0,0,1
No,Travel_Rarely,Sales,4,3,2,3,9602,Yes,11,3,1,2,1,0,1,1
No,Travel_Rarely,Research & Development,4,2,1,2,2836,No,13,4,0,4,0,0,0,1
No,Travel_Rarely,Research & Development,3,3,2,4,4089,No,13,2,2,3,2,0,0,1
No,Travel_Rarely,Research & Development,2,2,4,4,16627,Yes,14,3,1,2,0,0,1,1
No,Travel_Rarely,Research & Development,3,3,1,1,2619,No,17,4,0,2,0,0,0,1
No,Travel_Frequently,Research & Development,4,3,2,3,5679,Yes,13,2,1,3,4,0,1,2
No,Travel_Rarely,Research & Development,4,2,4,1,15402,No,11,1,1,1,0,0,0,1
No,Travel_Rarely,Human Resources,1,2,2,3,5985,No,11,2,0,4,0,0,0,1
No,Travel_Rarely,Sales,3,3,1,3,2579,Yes,18,4,2,3,0,0,1,1
Yes,Travel_Rarely,Sales,3,3,1,1,3041,No,11,2,1,3,0,1,0,1
No,Travel_Rarely,Sales,3,3,1,3,3447,No,11,3,0,3,1,0,0,1
No,Travel_Rarely,Research & Development,4,3,5,4,19513,Yes,12,1,1,4,0,0,1,1
No,Travel_Rarely,Research & Development,1,3,1,3,2773,No,20,4,0,3,2,0,0,1
No,Travel_Rarely,Sales,3,3,2,3,7104,No,12,4,0,3,1,0,0,1
No,Travel_Rarely,Research & Development,1,3,2,4,6322,Yes,12,4,1,2,0,0,1,1
No,Travel_Frequently,Research & Development,3,3,1,3,2083,No,20,3,1,3,0,0,0,2
No,Travel_Rarely,Sales,4,3,2,1,8381,No,20,4,0,4,8,0,0,1
No,Travel_Rarely,Research & Development,2,3,1,4,2691,No,12,4,1,2,8,0,0,1
Yes,Travel_Frequently,Sales,1,3,2,1,4286,No,14,4,2,3,0,1,0,2
No,Travel_Rarely,Research & Development,3,3,1,4,2659,Yes,13,3,1,3,0,0,1,1
No,Travel_Rarely,Research & Development,3,3,3,3,9434,No,15,3,1,3,7,0,0,1
No,Travel_Rarely,Sales,2,3,2,3,5561,No,14,1,1,2,1,0,0,1
No,Travel_Rarely,Research & Development,2,1,2,4,6646,No,13,2,0,3,11,0,0,1
No,Travel_Frequently,Research & Development,3,3,2,4,7725,No,23,3,1,1,4,0,0,2
No,Travel_Rarely,Human Resources,3,3,3,2,10725,No,15,3,1,4,7,0,0,1
No,Travel_Rarely,Research & Development,2,2,2,2,8847,Yes,11,3,1,3,0,0,1,1
No,Travel_Rarely,Research & Development,1,2,1,4,2045,No,13,4,0,3,1,0,0,1
Yes,Travel_Rarely,Research & Development,4,3,1,3,1009,Yes,11,4,0,3,1,1,1,1
Yes,Travel_Frequently,Research & Development,1,3,1,1,3348,Yes,11,1,0,3,9,1,1,2
No,Non-Travel,Research & Development,3,2,1,3,1281,No,18,3,2,3,0,0,0,0
No,Travel_Rarely,Research & Development,1,4,1,1,2819,No,16,1,1,4,0,0,0,1
No,Travel_Rarely,Sales,4,4,2,2,4851,No,22,3,1,3,1,0,0,1
No,Travel_Rarely,Sales,4,2,2,4,4028,No,20,1,0,3,0,0,0,1
No,Travel_Frequently,Research & Development,2,1,1,4,2720,No,18,4,1,3,2,0,0,2
No,Travel_Rarely,Sales,2,4,2,2,8120,No,12,4,0,3,2,0,0,1
No,Travel_Frequently,Sales,4,4,2,4,4647,Yes,20,2,2,3,0,0,1,2
No,Travel_Rarely,Research & Development,4,4,1,4,4680,No,17,1,0,3,0,0,0,1
No,Travel_Rarely,Research & Development,4,4,1,3,3221,Yes,11,3,3,3,3,0,1,1
No,Travel_Rarely,Research & Development,4,2,3,2,8621,No,14,2,0,4,7,0,0,1
Yes,Travel_Rarely,Sales,1,3,2,3,4577,No,14,1,0,3,2,1,0,1
No,Travel_Rarely,Research & Development,4,2,2,3,4553,No,11,1,0,3,11,0,0,1
No,Travel_Rarely,Sales,4,3,2,4,5396,No,12,4,0,2,0,0,0,1
Yes,Travel_Frequently,Sales,2,3,2,3,6796,Yes,14,1,1,3,1,1,1,2
No,Travel_Rarely,Research & Development,2,4,2,4,7625,No,13,3,0,2,1,0,0,1
No,Travel_Rarely,Research & Development,3,3,3,1,7412,No,11,4,0,3,0,0,0,1
No,Travel_Rarely,Research & Development,3,3,3,4,11159,No,15,4,0,3,7,0,0,1
No,Travel_Rarely,Sales,4,3,2,1,4960,No,12,4,0,3,1,0,0,1
No,Travel_Frequently,Sales,4,2,3,1,10475,Yes,21,3,1,3,1,0,1,2
No,Travel_Rarely,Research & Development,3,4,4,3,14814,No,19,3,0,3,1,0,0,1
No,Travel_Rarely,Human Resources,2,2,5,4,19141,No,15,2,3,2,12,0,0,1
No,Travel_Rarely,Sales,1,3,2,1,5405,No,14,4,0,3,2,0,0,1
No,Travel_Frequently,Research & Development,4,3,3,1,8793,No,21,3,2,2,1,0,0,2
No,Travel_Rarely,Human Resources,4,2,5,3,19189,No,12,2,1,3,2,0,0,1
No,Travel_Rarely,Sales,4,3,1,2,3875,No,15,4,1,3,2,0,0,1
Yes,Travel_Rarely,Research & Development,1,1,1,2,2216,Yes,13,4,0,3,3,1,1,1
No,Non-Travel,Research & Development,1,4,3,1,11713,No,14,1,1,3,0,0,0,0
No,Travel_Rarely,Research & Development,3,3,3,3,7861,Yes,14,4,0,4,0,0,1,1
No,Non-Travel,Research & Development,1,1,1,3,3708,No,14,3,0,3,1,0,0,0
No,Travel_Frequently,Sales,4,3,4,3,13770,Yes,12,4,2,2,11,0,1,2
No,Travel_Rarely,Sales,3,3,2,4,5304,No,23,4,1,2,7,0,0,1
No,Travel_Rarely,Sales,3,3,1,3,2642,No,11,3,0,3,0,0,0,1
Yes,Travel_Frequently,Research & Development,3,4,1,3,2759,Yes,12,4,0,3,2,1,1,2
No,Travel_Frequently,Sales,4,2,2,4,6804,No,18,3,1,3,2,0,0,2
No,Travel_Rarely,Research & Development,2,3,2,3,6142,No,11,4,0,3,4,0,0,1
No,Travel_Rarely,Research & Development,2,3,1,1,2500,No,14,4,1,4,0,0,0,1
No,Travel_Rarely,Human Resources,3,4,2,2,6389,No,15,3,1,1,3,0,0,1
No,Travel_Rarely,Research & Development,3,3,4,4,11103,No,11,3,0,2,1,0,0,1
No,Travel_Rarely,Research & Development,4,2,1,4,2342,Yes,20,4,0,2,2,0,1,1
No,Travel_Rarely,Research & Development,4,2,2,1,6811,No,19,1,0,1,0,0,0,1
No,Travel_Rarely,Sales,4,3,1,2,2297,No,14,4,2,3,2,0,0,1
No,Travel_Rarely,Research & Development,4,3,2,4,2450,No,17,4,0,3,2,0,0,1
No,Non-Travel,Research & Development,4,3,2,1,5093,No,11,1,1,4,0,0,0,0
No,Travel_Frequently,Research & Development,1,3,2,4,5309,No,15,4,2,3,4,0,0,2
No,Travel_Rarely,Research & Development,4,3,1,3,3057,Yes,13,2,1,1,0,0,1,1
No,Travel_Rarely,Research & Development,2,3,2,1,5121,No,14,3,1,3,0,0,0,1
No,Travel_Rarely,Sales,3,2,4,1,16856,No,11,1,0,4,1,0,0,1
Yes,Travel_Rarely,Research & Development,4,3,1,4,2686,Yes,13,3,0,2,7,1,1,1
No,Travel_Rarely,Sales,3,3,2,4,6180,No,23,2,0,2,1,0,0,1
No,Travel_Rarely,Sales,2,1,2,3,6632,No,13,1,0,3,3,0,0,1
No,Travel_Rarely,Research & Development,1,4,1,3,3505,No,18,4,0,3,0,0,0,1
Yes,Travel_Frequently,Sales,2,4,2,3,6397,Yes,12,4,0,3,1,1,1,2
No,Travel_Rarely,Sales,4,3,2,4,6274,No,22,3,0,3,1,0,0,1
Yes,Travel_Rarely,Research & Development,4,3,5,1,19859,Yes,13,4,1,3,1,1,1,1
No,Non-Travel,Sales,1,2,3,1,7587,No,15,2,0,3,0,0,0,0
No,Non-Travel,Research & Development,4,3,1,4,4258,No,18,1,1,3,1,0,0,0
No,Travel_Frequently,Research & Development,1,1,1,4,4364,No,14,1,1,3,2,0,0,2
No,Travel_Rarely,Research & Development,2,3,2,3,4335,No,12,1,1,2,1,0,0,1
Yes,Travel_Rarely,Sales,4,2,2,1,5326,No,17,3,0,2,1,1,0,1
No,Travel_Rarely,Research & Development,2,4,1,4,3280,No,16,3,0,3,1,0,0,1
No,Travel_Rarely,Research & Development,4,3,2,1,5485,Yes,11,2,2,3,1,0,1,1
No,Travel_Frequently,Sales,3,3,2,4,4342,No,19,2,1,3,1,0,0,2
No,Travel_Rarely,Research & Development,4,3,1,1,2782,Yes,13,2,2,2,4,0,1,1
No,Travel_Frequently,Research & Development,1,4,2,1,5980,Yes,12,4,0,3,4,0,1,2
No,Travel_Rarely,Research & Development,3,2,1,1,4381,No,11,3,0,3,1,0,0,1
No,Travel_Rarely,Sales,1,3,1,4,2572,No,16,2,1,2,0,0,0,1
No,Travel_Rarely,Research & Development,4,1,1,3,3833,No,21,3,2,3,0,0,0,1
No,Travel_Frequently,Research & Development,3,4,2,2,4244,No,24,4,1,3,3,0,0,2
No,Travel_Rarely,Sales,3,3,2,1,6500,No,17,2,1,3,1,0,0,1
No,Travel_Frequently,Research & Development,2,3,5,4,18430,No,13,2,1,2,14,0,0,2
Yes,Travel_Rarely,Research & Development,3,4,1,1,1601,Yes,21,3,2,3,0,1,1,1
No,Non-Travel,Research & Development,3,2,1,2,2694,No,11,3,3,3,0,0,0,0
No,Travel_Rarely,Research & Development,4,3,2,3,3149,No,20,2,1,3,1,0,0,1
No,Travel_Rarely,Research & Development,3,3,4,3,17639,No,16,4,0,3,0,0,0,1
Yes,Travel_Rarely,Research & Development,2,2,1,1,2319,Yes,11,4,1,3,0,1,1,1
No,Travel_Rarely,Research & Development,3,3,3,3,11691,No,11,4,0,4,3,0,0,1
Yes,Travel_Rarely,Sales,1,3,2,1,5324,No,15,3,0,3,0,1,0,1
No,Travel_Rarely,Research & Development,3,3,4,4,16752,Yes,11,3,1,2,3,0,1,1
No,Travel_Rarely,Research & Development,3,3,2,2,5228,No,15,1,1,3,0,0,0,1
No,Travel_Rarely,Research & Development,3,4,1,3,2700,No,24,3,1,3,0,0,0,1
Yes,Travel_Rarely,Research & Development,4,3,5,2,19246,Yes,12,4,0,3,13,1,1,1
No,Travel_Rarely,Research & Development,4,4,1,3,2506,No,13,3,0,3,2,0,0,1
No,Travel_Rarely,Research & Development,4,2,2,4,6062,Yes,13,4,1,3,0,0,1,1
Yes,Travel_Rarely,Research & Development,3,3,1,3,4382,No,17,4,0,2,2,1,0,1
No,Travel_Rarely,Human Resources,3,3,1,2,2143,No,13,2,1,3,0,0,0,1
No,Travel_Rarely,Research & Development,3,2,2,3,6162,No,12,3,1,3,6,0,0,1
No,Travel_Frequently,Research & Development,1,2,2,3,5094,No,14,4,0,3,0,0,0,2
No,Travel_Rarely,Research & Development,3,2,2,4,6877,Yes,24,2,0,2,0,0,1,1
No,Travel_Rarely,Research & Development,2,2,1,3,2274,No,14,4,0,3,0,0,0,1
No,Travel_Rarely,Research & Development,2,3,2,2,4434,No,13,4,1,2,7,0,0,1
No,Travel_Frequently,Research & Development,1,2,2,1,6288,No,15,3,1,2,1,0,0,2
No,Travel_Frequently,Research & Development,3,2,1,4,2553,No,16,3,0,3,1,0,0,2
Yes,Travel_Rarely,Sales,3,3,3,4,7654,No,18,1,2,4,7,1,0,1
Yes,Travel_Rarely,Sales,3,3,2,4,5160,No,16,3,0,2,7,1,0,1
No,Travel_Rarely,Research & Development,2,3,4,1,17159,No,24,3,1,3,1,0,0,1
No,Travel_Rarely,Research & Development,3,2,3,4,12808,Yes,16,2,1,3,0,0,1,1
No,Travel_Rarely,Research & Development,3,3,3,3,10221,No,21,2,0,4,1,0,0,1
No,Travel_Rarely,Sales,2,3,2,2,4779,Yes,20,1,0,3,7,0,1,1
No,Travel_Rarely,Human Resources,3,3,1,4,3737,No,19,3,1,1,0,0,0,1
Yes,Travel_Frequently,Research & Development,3,2,1,3,2366,Yes,14,1,1,3,1,1,1,2
No,Non-Travel,Research & Development,4,3,1,4,1706,No,11,3,3,2,0,0,0,0
No,Travel_Rarely,Sales,1,3,4,3,16307,No,14,3,1,2,4,0,0,1
No,Travel_Rarely,Research & Development,4,3,2,2,5933,No,12,4,0,2,2,0,0,1
No,Travel_Rarely,Research & Development,1,4,1,1,3424,No,13,3,0,2,0,0,0,1
No,Travel_Rarely,Sales,1,4,2,1,4037,No,22,1,1,3,0,0,0,1
No,Travel_Rarely,Research & Development,3,2,1,1,2559,No,11,4,0,2,1,0,0,1
No,Travel_Rarely,Sales,2,3,2,4,6201,Yes,14,4,1,2,4,0,1,1
No,Travel_Rarely,Sales,2,3,2,4,4403,No,11,3,1,2,0,0,0,1
No,Travel_Frequently,Research & Development,2,2,1,4,3761,No,12,2,1,2,0,0,0,2
No,Travel_Rarely,Sales,1,2,3,4,10934,Yes,18,4,1,3,0,0,1,1
No,Travel_Rarely,Sales,4,3,3,1,10761,Yes,12,3,1,3,0,0,1,1
No,Travel_Rarely,Research & Development,3,4,2,3,5175,No,12,3,1,2,1,0,0,1
No,Travel_Frequently,Research & Development,3,2,4,4,13826,No,22,3,0,3,0,0,0,2
No,Travel_Rarely,Sales,4,2,2,3,6334,No,19,4,2,3,0,0,0,1
No,Travel_Rarely,Human Resources,2,2,1,4,4936,No,13,4,1,3,0,0,0,1
No,Travel_Rarely,Research & Development,4,2,2,4,4775,No,22,1,2,1,2,0,0,1
No,Travel_Rarely,Research & Development,1,4,1,4,2818,Yes,24,3,1,2,0,0,1,1
No,Travel_Frequently,Research & Development,2,3,1,4,2515,Yes,14,4,0,3,2,0,1,2
No,Travel_Rarely,Human Resources,1,2,1,1,2342,No,21,3,0,3,0,0,0,1
No,Travel_Rarely,Sales,3,3,2,1,4194,Yes,18,4,0,3,0,0,1,1
No,Travel_Rarely,Research & Development,4,2,3,3,10685,Yes,20,2,1,3,5,0,1,1
Yes,Travel_Frequently,Research & Development,4,3,1,2,2022,Yes,19,1,1,2,7,1,1,2
No,Non-Travel,Research & Development,4,3,1,4,2314,No,12,2,1,3,0,0,0,0
No,Travel_Rarely,Sales,3,2,2,1,4256,No,12,1,0,4,0,0,0,1
No,Travel_Rarely,Research & Development,3,3,1,1,3580,No,16,2,1,3,0,0,0,1
No,Non-Travel,Research & Development,1,2,1,4,3162,No,17,4,0,2,3,0,0,0
No,Travel_Frequently,Sales,2,3,2,2,6524,No,14,4,1,3,5,0,0,2
No,Travel_Rarely,Sales,2,2,1,2,2899,No,19,4,1,3,1,0,0,1
No,Travel_Rarely,Research & Development,3,4,2,4,5231,Yes,13,2,1,2,1,0,1,1
No,Travel_Rarely,Research & Development,4,3,1,4,2356,Yes,19,2,1,3,0,0,1,1
Yes,Travel_Rarely,Sales,2,2,1,3,2800,Yes,19,3,3,3,0,1,1,1
No,Travel_Rarely,Sales,1,3,4,4,11836,No,14,3,1,3,2,0,0,1
No,Travel_Rarely,Research & Development,4,2,3,2,10903,No,16,1,0,3,4,0,0,1
No,Travel_Frequently,Sales,3,3,1,4,2973,No,15,2,1,3,0,0,0,2
No,Travel_Rarely,Research & Development,4,3,4,4,14275,No,18,3,0,3,3,0,0,1
No,Travel_Frequently,Research & Development,4,3,2,4,5562,No,13,2,1,2,2,0,0,2
No,Travel_Rarely,Sales,3,3,2,4,4537,Yes,22,1,1,3,7,0,1,1
No,Non-Travel,Sales,1,3,3,2,7642,Yes,13,4,0,3,0,0,1,0
No,Non-Travel,Research & Development,1,3,4,1,17924,No,11,4,1,3,14,0,0,0
No,Travel_Rarely,Human Resources,4,2,2,4,5204,No,11,3,2,3,0,0,0,1
No,Travel_Rarely,Human Resources,4,3,1,2,2277,Yes,11,3,1,4,0,0,1,1
Yes,Travel_Rarely,Research & Development,1,3,1,4,2795,Yes,24,3,0,1,0,1,1,1
No,Travel_Rarely,Research & Development,1,2,1,4,2532,No,14,3,3,3,0,0,0,1
No,Travel_Rarely,Research & Development,2,3,1,1,2559,Yes,13,4,0,3,7,0,1,1
No,Travel_Rarely,Sales,1,3,2,4,4908,No,14,2,0,3,0,0,0,1
Yes,Travel_Frequently,Research & Development,4,2,1,4,2380,Yes,14,4,1,2,0,1,1,2
No,Travel_Rarely,Research & Development,1,3,2,2,4765,No,21,3,1,4,0,0,0,1
Yes,Travel_Rarely,Sales,3,2,1,3,2044,No,13,4,0,2,0,1,0,1
Yes,Travel_Rarely,Research & Development,4,3,1,4,2693,No,19,1,0,2,0,1,0,1
No,Travel_Rarely,Research & Development,3,3,2,4,6586,Yes,17,1,1,2,4,0,1,1
No,Travel_Rarely,Sales,4,2,1,4,3294,Yes,18,1,0,2,1,0,1,1
Yes,Travel_Rarely,Research & Development,2,3,2,3,4171,Yes,19,1,1,4,0,1,1,1
Yes,Travel_Rarely,Research & Development,2,1,1,4,2778,Yes,13,3,1,2,1,1,1,1
No,Travel_Rarely,Research & Development,3,3,1,3,2377,No,18,2,1,3,2,0,0,1
Yes,Travel_Rarely,Research & Development,4,3,1,1,2404,Yes,21,4,0,1,2,1,1,1
No,Travel_Rarely,Research & Development,2,3,1,3,2318,No,19,3,0,3,0,0,0,1
No,Travel_Rarely,Research & Development,2,3,1,2,2008,No,14,2,2,3,1,0,0,1
No,Travel_Rarely,Sales,3,2,2,3,6244,No,17,1,0,3,0,0,0,1
No,Travel_Rarely,Research & Development,3,2,1,1,2799,Yes,11,2,0,3,0,0,1,1
No,Travel_Rarely,Research & Development,3,2,3,2,10552,Yes,13,4,1,3,0,0,1,1
No,Travel_Rarely,Sales,2,2,1,3,2329,No,15,2,0,4,5,0,0,1
No,Travel_Rarely,Research & Development,4,3,2,4,4014,Yes,25,4,1,1,0,0,1,1
No,Travel_Rarely,Research & Development,1,3,3,2,7403,No,11,3,1,2,1,0,0,1
No,Travel_Rarely,Research & Development,4,3,1,3,2259,No,17,1,2,2,0,0,0,1
No,Non-Travel,Sales,4,3,2,3,6932,No,13,4,1,2,0,0,0,0
No,Travel_Rarely,Research & Development,2,3,1,4,4678,No,18,3,0,3,0,0,0,1
No,Travel_Rarely,Research & Development,4,3,3,1,13582,No,13,2,1,3,5,0,0,1
No,Non-Travel,Research & Development,3,2,1,2,2332,No,20,3,0,3,0,0,0,0
Yes,Travel_Rarely,Sales,3,2,1,2,2413,Yes,18,3,3,3,0,1,1,1
No,Travel_Rarely,Sales,1,2,3,2,9705,No,12,2,1,2,0,0,0,1
No,Travel_Frequently,Sales,3,2,2,1,4294,No,12,2,0,3,0,0,0,2
No,Travel_Rarely,Research & Development,4,3,1,1,4721,Yes,13,3,0,3,2,0,1,1
No,Travel_Rarely,Research & Development,3,3,1,3,2519,No,21,3,0,3,3,0,0,1
Yes,Travel_Rarely,Sales,4,2,1,2,2121,Yes,13,2,0,4,0,1,1,1
Yes,Travel_Rarely,Research & Development,1,3,1,1,2973,No,19,2,0,3,0,1,0,1
No,Travel_Rarely,Research & Development,4,3,2,4,5855,Yes,11,3,2,1,8,0,1,1
No,Travel_Frequently,Research & Development,4,3,1,2,3617,Yes,14,4,1,3,0,0,1,2
No,Travel_Rarely,Research & Development,3,3,2,1,6725,No,12,3,1,4,6,0,0,1
Yes,Travel_Rarely,Sales,3,2,3,4,10325,Yes,11,1,1,3,3,1,1,1
No,Travel_Rarely,Research & Development,2,2,2,4,6949,No,14,1,0,3,1,0,0,1
Yes,Travel_Rarely,Sales,1,2,3,3,10609,No,11,3,0,1,11,1,0,1
No,Non-Travel,Research & Development,3,3,2,2,4447,No,12,2,0,2,0,0,0,0
No,Travel_Frequently,Sales,3,3,1,4,2157,No,15,2,1,3,0,0,0,2
No,Travel_Rarely,Sales,3,3,2,3,4601,No,16,2,0,3,1,0,0,1
No,Travel_Rarely,Research & Development,4,3,4,4,17099,No,15,2,1,2,7,0,0,1
Yes,Travel_Rarely,Research & Development,4,3,1,3,2479,No,24,1,0,3,0,1,0,1
No,Travel_Rarely,Sales,3,3,4,3,14852,No,13,3,1,4,15,0,0,1
No,Travel_Rarely,Sales,3,3,3,3,7264,No,11,1,1,4,7,0,0,1
No,Non-Travel,Sales,3,3,2,4,5666,Yes,13,2,0,3,1,0,1,0
No,Travel_Rarely,Sales,4,3,3,4,7823,No,13,2,1,3,0,0,0,1
No,Travel_Rarely,Sales,1,4,3,3,7880,No,18,4,0,3,0,0,0,1
Yes,Non-Travel,Sales,2,4,4,2,13194,Yes,16,4,0,2,0,1,1,0
No,Travel_Frequently,Research & Development,3,4,2,3,5067,Yes,19,3,0,4,2,0,1,2
No,Non-Travel,Sales,1,3,2,4,5079,No,13,4,2,3,0,0,0,0
Yes,Non-Travel,Research & Development,3,2,1,1,2321,Yes,22,1,0,3,1,1,1,0
No,Non-Travel,Sales,4,3,4,3,17444,No,11,4,0,3,6,0,0,0
Yes,Travel_Rarely,Research & Development,4,2,1,1,2404,Yes,20,3,0,3,0,1,1,1
No,Travel_Rarely,Research & Development,2,3,1,4,3452,No,18,1,0,3,0,0,0,1
No,Travel_Rarely,Research & Development,4,3,1,4,2270,No,14,4,2,3,0,0,0,1
No,Travel_Rarely,Research & Development,4,3,4,4,17399,No,22,3,1,2,1,0,0,1
No,Travel_Frequently,Research & Development,3,4,2,2,5488,Yes,13,1,1,3,1,0,1,2
No,Travel_Frequently,Research & Development,1,3,5,3,19419,No,17,2,1,4,0,0,0,2
No,Travel_Rarely,Research & Development,3,3,1,2,2811,No,14,2,1,3,2,0,0,1
No,Non-Travel,Research & Development,4,3,2,1,3633,Yes,15,3,1,3,0,0,1,0
No,Travel_Rarely,Sales,4,3,2,4,4163,Yes,17,3,0,3,0,0,1,1
Yes,Travel_Rarely,Research & Development,1,3,1,3,2132,Yes,11,2,0,3,0,1,1,1
No,Travel_Rarely,Research & Development,4,3,4,3,13973,Yes,18,4,1,3,1,0,1,1
No,Travel_Frequently,Research & Development,3,3,1,3,2684,No,17,2,1,2,0,0,0,2
No,Travel_Rarely,Research & Development,4,3,3,3,10845,No,13,2,1,3,0,0,0,1
No,Travel_Rarely,Research & Development,4,2,2,3,4377,No,15,2,2,3,3,0,0,1
Yes,Travel_Rarely,Research & Development,3,2,1,2,3743,Yes,24,4,1,1,0,1,1,1
No,Travel_Frequently,Research & Development,3,3,2,1,4148,No,12,3,1,3,0,0,0,2
No,Non-Travel,Research & Development,2,3,1,4,1051,No,15,4,0,3,0,0,0,0
No,Travel_Rarely,Research & Development,3,3,3,3,10739,No,11,3,1,3,0,0,0,1
No,Travel_Rarely,Research & Development,3,3,3,3,10388,Yes,11,3,1,2,10,0,1,1
No,Travel_Rarely,Research & Development,2,4,3,1,11416,Yes,12,3,3,2,1,0,1,1
Yes,Travel_Rarely,Research & Development,4,2,1,1,2600,Yes,15,1,0,3,0,1,1,1
Yes,Travel_Frequently,Research & Development,2,3,1,2,2422,No,17,1,0,3,1,1,0,2
No,Travel_Rarely,Research & Development,4,4,2,4,5472,No,12,2,0,3,1,0,0,1
No,Travel_Rarely,Research & Development,2,1,1,1,2451,No,15,1,1,2,1,0,0,1
No,Travel_Rarely,Research & Development,1,2,2,3,4240,No,13,4,0,3,2,0,0,1
No,Travel_Rarely,Research & Development,3,2,3,3,10999,No,14,2,0,3,4,0,0,1
No,Travel_Rarely,Research & Development,4,3,2,3,5003,No,14,2,0,3,2,0,0,1
No,Travel_Rarely,Research & Development,4,2,4,4,12742,No,16,3,1,3,11,0,0,1
No,Travel_Rarely,Research & Development,1,3,2,4,4227,No,18,2,1,3,2,0,0,1
No,Travel_Rarely,Research & Development,2,3,1,4,3917,No,20,1,1,2,1,0,0,1
No,Travel_Rarely,Sales,4,3,5,3,18303,No,13,2,0,4,0,0,0,1
No,Travel_Rarely,Research & Development,1,3,1,4,2380,No,18,2,0,3,0,0,0,1
No,Travel_Rarely,Research & Development,3,2,4,4,13726,Yes,13,1,0,3,4,0,1,1
Yes,Travel_Rarely,Research & Development,1,1,2,2,4777,No,15,1,0,1,0,1,0,1
No,Travel_Frequently,Research & Development,3,3,2,2,6385,Yes,14,4,2,3,6,0,1,2
No,Non-Travel,Research & Development,2,1,5,3,19973,No,22,2,2,3,5,0,0,0
No,Travel_Rarely,Sales,2,3,2,4,6861,Yes,12,3,0,3,0,0,1,1
Yes,Non-Travel,Sales,2,1,2,1,4969,No,18,4,0,3,2,1,0,0
Yes,Travel_Rarely,Sales,1,1,5,4,19845,No,15,4,1,3,6,1,0,1
No,Travel_Rarely,Sales,4,4,4,4,13320,Yes,18,3,1,3,11,0,1,1
No,Non-Travel,Sales,4,3,2,3,6347,No,12,1,1,3,0,0,0,0
Yes,Travel_Rarely,Research & Development,3,4,1,1,2743,No,16,3,0,3,15,1,0,1
No,Travel_Frequently,Research & Development,4,3,3,1,10880,Yes,13,3,0,3,2,0,1,2
No,Non-Travel,Sales,2,2,1,4,2342,No,19,4,0,2,2,0,0,0
No,Travel_Rarely,Sales,4,3,4,4,17650,No,13,2,1,4,1,0,0,1
No,Non-Travel,Research & Development,4,3,1,3,4025,No,12,2,0,3,7,0,0,0
No,Travel_Rarely,Sales,2,4,2,4,9725,No,11,4,1,2,0,0,0,1
No,Travel_Rarely,Sales,2,3,3,4,11904,Yes,14,3,1,1,0,0,1,1
No,Travel_Rarely,Human Resources,2,3,1,2,2177,No,16,1,0,3,0,0,0,1
No,Travel_Frequently,Sales,3,2,3,2,7525,No,12,1,1,3,6,0,0,2
Yes,Travel_Rarely,Research & Development,1,3,2,3,4834,No,14,2,1,2,0,1,0,1
Yes,Travel_Frequently,Research & Development,1,3,1,1,2042,Yes,14,2,1,3,1,1,1,2
No,Travel_Rarely,Sales,3,3,1,3,2220,Yes,19,4,1,3,0,0,1,1
No,Travel_Rarely,Sales,4,3,1,2,1052,No,22,2,0,3,0,0,0,1
No,Travel_Frequently,Research & Development,3,3,1,3,2821,No,16,1,1,3,2,0,0,2
No,Travel_Rarely,Research & Development,2,3,5,3,19237,Yes,11,4,1,2,7,0,1,1
No,Travel_Rarely,Research & Development,4,3,2,2,4107,No,15,1,0,2,0,0,0,1
No,Travel_Rarely,Sales,3,3,2,1,8396,No,14,2,1,2,7,0,0,1
No,Travel_Frequently,Research & Development,1,2,1,3,2007,No,13,3,2,3,1,0,0,2
No,Travel_Rarely,Research & Development,4,3,5,4,19627,No,17,4,2,3,2,0,0,1
No,Travel_Rarely,Sales,3,2,3,3,10686,No,11,2,1,3,7,0,0,1
No,Travel_Frequently,Research & Development,1,3,1,3,2942,No,19,2,1,3,0,0,0,2
No,Travel_Rarely,Research & Development,4,2,3,4,8858,No,11,2,0,2,7,0,0,1
No,Non-Travel,Research & Development,3,2,4,1,16756,No,15,2,0,4,6,0,0,0
No,Travel_Rarely,Sales,3,2,3,4,10798,No,13,3,1,3,0,0,0,1
Yes,Travel_Frequently,Sales,4,3,1,4,2323,Yes,14,2,0,3,0,1,1,2
Yes,Travel_Rarely,Research & Development,3,2,1,1,1416,No,13,1,0,2,1,1,0,1
No,Travel_Rarely,Research & Development,4,2,2,1,4615,Yes,23,1,3,3,1,0,1,1
Yes,Travel_Rarely,Research & Development,1,3,1,3,2461,Yes,12,3,3,4,2,1,1,1
Yes,Non-Travel,Research & Development,2,2,3,1,8722,No,12,1,0,2,1,1,0,0
No,Travel_Rarely,Research & Development,1,2,1,1,3955,No,16,1,2,3,1,0,0,1
No,Travel_Rarely,Research & Development,3,3,2,1,9957,No,15,3,1,2,0,0,0,1
No,Travel_Rarely,Research & Development,2,4,1,3,3376,No,13,3,0,3,0,0,0,1
No,Travel_Rarely,Research & Development,3,2,3,3,8823,No,18,1,1,2,1,0,0,1
No,Travel_Rarely,Research & Development,1,3,3,4,10322,No,20,4,1,3,11,0,0,1
No,Non-Travel,Research & Development,1,1,1,3,4621,No,19,4,3,3,1,0,0,0
No,Travel_Frequently,Research & Development,4,3,3,2,10976,No,18,2,1,3,1,0,0,2
No,Travel_Rarely,Research & Development,3,3,2,3,3660,No,13,4,0,4,1,0,0,1
Yes,Travel_Rarely,Human Resources,2,2,3,1,10482,No,14,4,1,3,3,1,0,1
No,Travel_Rarely,Research & Development,4,2,3,4,7119,No,15,3,1,3,1,0,0,1
Yes,Travel_Rarely,Sales,4,3,3,1,9582,Yes,22,1,0,3,4,1,1,1
Yes,Travel_Frequently,Research & Development,1,2,2,3,4508,No,22,2,0,3,3,1,0,2
No,Travel_Rarely,Research & Development,1,3,1,3,2207,No,16,4,1,2,2,0,0,1
No,Travel_Frequently,Research & Development,1,3,2,4,7756,No,17,3,0,2,0,0,0,2
No,Travel_Rarely,Sales,4,2,2,4,6694,Yes,14,3,3,3,0,0,1,1
Yes,Travel_Rarely,Research & Development,4,3,1,4,3691,Yes,15,2,1,4,5,1,1,1
Yes,Travel_Rarely,Research & Development,1,3,1,3,2377,No,20,3,1,2,0,1,0,1
Yes,Travel_Rarely,Research & Development,1,2,1,2,2313,Yes,20,2,0,3,2,1,1,1
No,Travel_Rarely,Research & Development,4,3,4,1,17665,No,17,4,1,3,13,0,0,1
Yes,Travel_Frequently,Research & Development,1,2,1,2,2596,No,15,1,2,3,0,1,0,2
Yes,Travel_Frequently,Sales,4,3,2,3,4728,Yes,14,4,0,3,0,1,1,2
No,Travel_Frequently,Sales,4,3,2,2,4302,No,17,3,1,3,0,0,0,2
No,Non-Travel,Research & Development,3,2,1,4,2979,No,17,4,3,3,0,0,0,0
No,Non-Travel,Research & Development,1,4,4,4,16885,No,22,3,0,2,2,0,0,0
No,Non-Travel,Sales,2,2,2,3,5593,No,13,4,1,3,4,0,0,0
No,Travel_Rarely,Research & Development,2,3,3,2,10445,No,19,4,0,3,4,0,0,1
No,Travel_Rarely,Sales,3,2,3,3,8740,Yes,14,2,2,3,2,0,1,1
No,Travel_Rarely,Research & Development,3,3,1,4,2514,No,22,1,1,3,1,0,0,1
No,Travel_Rarely,Research & Development,4,3,3,2,7655,No,17,2,3,2,1,0,0,1
No,Travel_Rarely,Sales,1,3,4,3,17465,No,12,4,1,3,4,0,0,1
No,Travel_Rarely,Sales,4,3,3,2,7351,No,16,3,0,3,0,0,0,1
No,Travel_Frequently,Research & Development,3,3,3,1,10820,No,11,3,1,3,0,0,0,2
Yes,Travel_Frequently,Research & Development,1,3,4,4,12169,No,11,4,3,3,11,1,0,2
No,Travel_Rarely,Research & Development,3,2,5,3,19626,No,14,1,0,4,4,0,0,1
No,Travel_Rarely,Research & Development,4,2,1,2,2070,Yes,11,3,0,4,2,0,1,1
No,Non-Travel,Research & Development,3,3,2,2,6782,No,15,3,0,2,0,0,0,0
No,Non-Travel,Research & Development,1,3,2,4,7779,No,20,1,0,3,0,0,0,0
No,Travel_Frequently,Sales,3,4,1,4,2791,No,12,1,1,3,2,0,0,2
No,Travel_Rarely,Research & Development,1,2,1,2,3201,No,17,1,0,1,0,0,0,1
No,Travel_Frequently,Sales,4,3,2,4,4968,No,11,4,1,3,0,0,0,2
No,Travel_Rarely,Sales,4,2,4,2,13120,No,17,2,1,3,2,0,0,1
No,Travel_Frequently,Research & Development,4,3,2,3,4033,No,11,4,0,2,0,0,0,2
No,Travel_Frequently,Research & Development,4,3,1,2,3291,No,14,4,2,2,1,0,0,2
No,Travel_Rarely,Research & Development,2,1,2,4,4272,No,19,1,0,3,0,0,0,1
No,Travel_Rarely,Research & Development,2,2,2,4,5056,Yes,15,3,1,2,1,0,1,1
No,Travel_Rarely,Human Resources,3,4,1,3,2844,No,13,4,1,4,5,0,0,1
No,Travel_Frequently,Research & Development,3,2,1,3,2703,Yes,14,4,1,3,0,0,1,2
Yes,Non-Travel,Research & Development,3,3,1,3,1904,No,12,4,0,3,0,1,0,0
Yes,Travel_Rarely,Sales,1,3,2,1,8224,Yes,17,1,0,3,0,1,1,1
No,Travel_Rarely,Research & Development,2,3,1,4,4766,Yes,11,1,1,3,0,0,1,1
Yes,Travel_Frequently,Research & Development,3,3,1,3,2610,No,12,3,1,2,2,1,0,2
No,Travel_Rarely,Research & Development,3,2,2,4,5731,No,13,3,2,3,1,0,0,1
No,Travel_Rarely,Research & Development,4,2,1,3,2539,No,13,3,1,3,2,0,0,1
No,Travel_Rarely,Sales,2,3,2,3,5714,No,20,1,0,2,1,0,0,1
No,Travel_Rarely,Human Resources,3,3,1,3,4323,No,17,2,0,1,1,0,0,1
Yes,Travel_Rarely,Sales,4,2,3,1,7336,No,13,1,1,1,3,1,0,1
No,Travel_Frequently,Research & Development,2,3,3,3,13499,No,17,3,0,2,2,0,0,2
Yes,Travel_Frequently,Sales,3,3,4,1,13758,Yes,12,2,0,2,13,1,1,2
No,Travel_Rarely,Sales,2,3,2,1,5155,No,13,4,0,4,1,0,0,1
No,Travel_Rarely,Research & Development,4,2,1,3,2258,No,12,2,1,3,1,0,0,1
No,Travel_Rarely,Research & Development,4,3,1,2,3597,No,22,4,0,3,1,0,0,1
Yes,Travel_Rarely,Research & Development,3,3,1,4,2515,Yes,11,4,0,2,0,1,1,1
No,Travel_Rarely,Research & Development,1,4,1,4,4420,No,22,2,1,3,0,0,0,1
No,Travel_Rarely,Sales,3,2,2,3,6578,No,18,1,1,3,1,0,0,1
No,Travel_Frequently,Research & Development,3,2,2,4,4422,Yes,13,4,1,1,0,0,1,2
No,Travel_Rarely,Research & Development,3,2,3,2,10274,No,18,2,1,4,6,0,0,1
No,Travel_Frequently,Research & Development,4,2,2,1,5343,No,20,3,0,3,4,0,0,2
No,Travel_Frequently,Research & Development,4,2,1,4,2376,No,13,2,1,4,2,0,0,2
Yes,Travel_Rarely,Sales,1,1,2,3,5346,No,13,2,0,2,1,1,0,1
No,Non-Travel,Sales,3,3,1,1,2827,No,12,3,3,3,0,0,0,0
No,Travel_Rarely,Research & Development,4,3,5,1,19943,No,13,4,1,3,4,0,0,1
No,Travel_Rarely,Research & Development,2,3,1,4,3131,No,13,1,1,3,0,0,0,1
No,Travel_Rarely,Research & Development,3,3,1,1,2552,No,25,3,0,3,0,0,0,1
No,Travel_Rarely,Research & Development,1,3,1,3,4477,Yes,19,3,1,2,0,0,1,1
No,Travel_Rarely,Research & Development,4,2,2,4,6474,No,13,2,1,2,3,0,0,1
No,Travel_Rarely,Research & Development,1,2,1,3,3033,No,12,1,0,2,1,0,0,1
Yes,Travel_Rarely,Research & Development,3,3,1,3,2936,Yes,11,3,0,3,0,1,1,1
No,Travel_Rarely,Research & Development,4,3,5,3,18606,No,18,2,1,3,4,0,0,1
No,Travel_Rarely,Research & Development,2,1,1,4,2168,Yes,18,1,1,2,1,0,1,1
Yes,Travel_Frequently,Research & Development,3,2,1,4,2853,Yes,11,2,1,3,0,1,1,2
No,Travel_Rarely,Sales,3,3,4,1,17048,No,23,1,0,3,15,0,0,1
No,Non-Travel,Research & Development,4,1,1,3,2290,No,13,4,0,3,0,0,0,0
No,Travel_Rarely,Human Resources,2,3,1,3,3600,No,13,4,1,3,1,0,0,1
Yes,Non-Travel,Research & Development,1,2,1,1,2107,No,17,1,1,1,0,1,0,0
No,Travel_Rarely,Sales,3,3,2,1,4115,No,19,3,3,3,0,0,0,1
No,Travel_Frequently,Sales,2,3,2,2,4327,No,12,4,3,3,0,0,0,2
No,Travel_Frequently,Research & Development,4,3,4,1,17856,No,22,3,1,3,2,0,0,2
No,Travel_Rarely,Research & Development,4,2,1,1,3196,No,12,3,3,3,3,0,0,1
No,Travel_Rarely,Research & Development,4,3,5,2,19081,No,11,1,1,3,0,0,0,1
No,Travel_Rarely,Sales,3,3,2,1,8966,Yes,15,4,3,3,1,0,1,1
Yes,Travel_Rarely,Research & Development,4,3,1,2,2210,No,13,1,1,1,0,1,0,1
No,Travel_Frequently,Sales,2,3,2,3,4539,No,12,1,1,2,0,0,0,2
No,Travel_Rarely,Research & Development,3,1,1,3,2741,No,14,3,1,3,1,0,0,1
No,Travel_Rarely,Research & Development,3,3,2,3,3491,No,13,1,3,2,8,0,0,1
No,Travel_Rarely,Research & Development,4,3,2,4,4541,No,25,2,0,3,13,0,0,1
No,Travel_Rarely,Sales,3,4,1,4,2678,No,17,4,0,3,2,0,0,1
No,Travel_Rarely,Research & Development,4,3,2,4,7379,No,11,3,1,2,1,0,0,1
No,Non-Travel,Human Resources,4,4,2,1,6272,No,16,1,1,4,0,0,0,0
No,Travel_Rarely,Sales,2,4,2,4,5220,Yes,18,2,1,3,1,0,1,1
No,Travel_Frequently,Research & Development,3,2,1,2,2743,No,20,3,1,3,2,0,0,2
No,Travel_Frequently,Research & Development,4,3,2,3,4998,Yes,14,4,0,3,0,0,1,2
No,Travel_Rarely,Research & Development,3,1,3,1,10252,Yes,21,3,1,3,7,0,1,1
No,Travel_Rarely,Research & Development,1,3,1,4,2781,No,13,2,1,3,4,0,0,1
No,Travel_Rarely,Sales,2,2,2,2,6852,No,12,2,1,4,1,0,0,1
No,Travel_Rarely,Sales,3,3,2,4,4950,No,14,2,0,3,1,0,0,1
No,Travel_Rarely,Research & Development,4,3,1,2,3579,Yes,21,1,1,3,5,0,1,1
No,Travel_Frequently,Research & Development,1,3,3,1,13191,Yes,17,3,0,3,0,0,1,2
No,Non-Travel,Sales,3,2,3,4,10377,Yes,11,2,1,2,4,0,1,0
No,Travel_Rarely,Research & Development,1,3,1,1,2235,Yes,14,4,2,2,6,0,1,1
No,Travel_Frequently,Research & Development,4,3,3,3,10502,No,17,1,1,1,1,0,0,2
No,Travel_Rarely,Research & Development,1,4,1,4,2011,No,13,4,1,3,7,0,0,1
Yes,Non-Travel,Research & Development,1,2,1,2,1859,Yes,25,2,0,4,0,1,1,0
No,Travel_Rarely,Research & Development,1,3,1,4,3760,No,15,1,3,3,1,0,0,1
No,Travel_Rarely,Research & Development,4,3,4,4,17779,No,14,1,0,3,0,0,0,1
No,Travel_Rarely,Research & Development,3,3,2,1,6833,Yes,12,4,0,2,0,0,1,1
No,Travel_Rarely,Research & Development,3,2,2,1,6812,No,19,2,0,3,1,0,0,1
No,Travel_Rarely,Sales,3,2,2,4,5171,No,17,4,0,3,0,0,0,1
No,Travel_Rarely,Research & Development,3,1,5,4,19740,No,14,2,1,3,0,0,0,1
No,Travel_Rarely,Research & Development,1,2,5,3,18711,No,13,3,1,4,0,0,0,1
No,Travel_Frequently,Research & Development,3,3,1,2,3692,No,12,3,0,2,0,0,0,2
No,Travel_Rarely,Research & Development,4,4,1,2,2559,No,11,3,0,2,0,0,0,1
No,Travel_Rarely,Research & Development,1,3,1,3,2517,No,11,2,3,3,0,0,0,1
No,Travel_Rarely,Research & Development,3,3,2,4,6623,Yes,11,2,2,3,1,0,1,1
No,Travel_Rarely,Research & Development,4,2,5,4,18265,No,12,3,0,4,0,0,0,1
No,Travel_Rarely,Research & Development,4,2,4,4,16124,No,14,2,2,2,1,0,0,1
No,Travel_Rarely,Research & Development,3,4,1,3,2585,No,17,4,0,2,0,0,0,1
No,Travel_Rarely,Sales,2,3,5,2,18213,No,11,3,1,3,3,0,0,1
No,Travel_Rarely,Sales,4,4,3,3,8380,Yes,14,4,2,3,0,0,1,1
No,Travel_Rarely,Research & Development,2,4,1,4,2994,Yes,12,4,0,3,0,0,1,1
No,Travel_Rarely,Research & Development,4,3,1,3,1223,No,22,4,1,3,0,0,0,1
Yes,Travel_Frequently,Sales,3,1,1,4,1118,Yes,14,4,0,3,1,1,1,2
No,Travel_Rarely,Research & Development,3,3,1,4,2875,Yes,20,2,0,2,2,0,1,1
Yes,Travel_Rarely,Sales,1,1,5,2,18824,Yes,16,1,0,3,1,1,1,1
No,Non-Travel,Research & Development,4,2,4,2,13577,Yes,15,4,1,3,15,0,1,0
Yes,Travel_Frequently,Research & Development,1,2,1,3,2625,No,20,3,0,1,2,1,0,2
No,Travel_Rarely,Sales,4,2,5,2,18789,No,14,3,1,3,0,0,0,1
No,Travel_Rarely,Sales,3,3,2,1,4538,Yes,12,4,0,3,0,0,1,1
No,Travel_Frequently,Sales,4,3,5,2,19847,Yes,24,1,1,2,11,0,1,2
No,Travel_Rarely,Research & Development,4,3,3,4,10512,No,12,4,0,2,5,0,0,1
No,Travel_Frequently,Research & Development,3,3,2,2,4444,No,13,3,2,4,5,0,0,2
No,Travel_Frequently,Research & Development,4,3,1,3,2154,Yes,11,3,0,2,0,0,1,2
No,Travel_Rarely,Research & Development,3,4,5,1,19190,No,14,4,2,2,14,0,0,1
No,Travel_Frequently,Human Resources,3,2,2,2,4490,No,11,4,2,4,1,0,0,2
No,Travel_Rarely,Research & Development,3,3,1,3,3506,Yes,14,4,0,3,2,0,1,1
No,Travel_Rarely,Research & Development,2,4,2,2,2372,Yes,16,4,0,3,0,0,1,1
No,Travel_Rarely,Sales,4,2,3,4,10231,No,14,4,0,4,15,0,0,1
No,Travel_Rarely,Research & Development,3,3,2,2,5410,Yes,11,4,0,3,5,0,1,1
Yes,Travel_Rarely,Research & Development,1,3,3,4,7978,No,11,4,1,3,0,1,0,1
No,Travel_Frequently,Research & Development,4,2,1,4,3867,Yes,12,2,1,3,2,0,1,2
No,Travel_Frequently,Research & Development,2,2,1,3,2838,No,14,2,0,2,7,0,0,2
No,Non-Travel,Research & Development,3,3,2,3,4695,Yes,18,3,0,3,1,0,1,0
Yes,Travel_Rarely,Research & Development,2,3,1,3,3339,Yes,13,1,2,3,7,1,1,1
No,Travel_Rarely,Research & Development,4,3,1,1,2080,No,11,2,0,2,1,0,0,1
No,Travel_Rarely,Research & Development,4,3,1,2,2096,No,18,4,0,2,2,0,0,1
No,Travel_Rarely,Sales,3,4,2,4,6209,No,15,3,2,4,0,0,0,1
No,Travel_Frequently,Research & Development,2,3,5,2,18061,No,22,3,0,3,0,0,0,2
No,Travel_Rarely,Research & Development,3,2,4,2,17123,Yes,13,4,2,3,15,0,1,1
No,Travel_Rarely,Research & Development,1,3,1,3,2372,No,12,4,2,3,2,0,0,1
Yes,Travel_Rarely,Research & Development,4,3,2,3,4883,No,18,1,1,3,1,1,0,1
Yes,Travel_Rarely,Research & Development,3,3,1,1,3904,No,13,1,0,3,0,1,0,1
No,Travel_Rarely,Research & Development,1,2,2,4,4627,No,12,1,1,3,6,0,0,1
No,Travel_Rarely,Research & Development,4,3,3,3,7094,No,12,1,0,3,1,0,0,1
No,Travel_Rarely,Human Resources,4,3,1,1,3423,No,12,3,0,4,5,0,0,1
No,Non-Travel,Research & Development,3,1,2,4,6674,No,11,1,3,3,7,0,0,0
No,Travel_Rarely,Research & Development,4,3,4,1,16880,Yes,11,2,0,3,1,0,1,1
Yes,Travel_Rarely,Sales,4,2,3,2,9094,Yes,12,3,0,3,1,1,1,1
Yes,Travel_Rarely,Sales,2,3,3,2,8446,Yes,19,3,0,2,7,1,1,1
No,Travel_Rarely,Research & Development,2,3,3,1,11916,Yes,23,4,2,3,0,0,1,1
No,Travel_Rarely,Research & Development,1,3,2,3,4534,No,11,1,0,3,1,0,0,1
No,Non-Travel,Sales,4,3,3,3,9852,Yes,19,1,1,2,9,0,1,0
No,Non-Travel,Sales,3,1,2,2,6151,No,13,1,0,3,11,0,0,0
Yes,Travel_Frequently,Sales,4,3,1,2,2302,Yes,11,1,0,4,2,1,1,2
Yes,Travel_Rarely,Research & Development,1,3,1,1,2362,No,12,3,0,4,1,1,0,1
No,Non-Travel,Research & Development,3,3,4,3,17861,Yes,13,4,0,2,2,0,1,0
No,Travel_Rarely,Research & Development,4,1,5,3,19187,No,14,4,1,3,9,0,0,1
No,Travel_Rarely,Human Resources,4,3,5,2,19717,No,14,1,0,3,7,0,0,1
No,Non-Travel,Research & Development,3,3,1,3,3544,No,16,2,1,3,0,0,0,0
No,Travel_Rarely,Research & Development,4,3,3,4,8500,No,11,4,1,2,1,0,0,1
No,Travel_Rarely,Research & Development,3,3,2,4,4661,No,13,3,0,3,8,0,0,1
No,Travel_Frequently,Sales,3,3,2,1,4103,No,17,4,1,3,1,0,0,2
No,Travel_Frequently,Research & Development,3,3,2,3,4249,Yes,11,2,0,3,1,0,1,2
No,Travel_Rarely,Human Resources,3,3,4,2,14026,Yes,11,2,1,3,0,0,1,1
No,Travel_Rarely,Sales,2,3,2,1,6893,No,15,4,1,3,1,0,0,1
No,Travel_Rarely,Sales,3,3,2,1,6125,No,12,4,0,4,9,0,0,1
No,Travel_Rarely,Research & Development,4,3,1,4,3669,No,11,3,3,2,1,0,0,1
Yes,Travel_Rarely,Research & Development,3,2,3,1,10008,Yes,14,4,0,2,5,1,1,1
No,Travel_Rarely,Research & Development,2,3,1,2,2387,No,22,3,1,3,0,0,0,1
No,Travel_Frequently,Sales,1,4,2,1,4639,No,16,4,1,2,6,0,0,2
No,Travel_Rarely,Research & Development,4,3,3,4,7898,No,11,3,0,3,0,0,0,1
No,Travel_Rarely,Sales,3,4,1,4,2534,No,14,2,1,3,0,0,0,1
No,Travel_Rarely,Research & Development,4,2,4,2,13142,No,16,2,0,2,0,0,0,1
No,Non-Travel,Research & Development,4,3,1,4,1611,No,15,3,0,4,0,0,0,0
No,Travel_Rarely,Research & Development,4,2,2,4,5363,No,12,2,1,3,0,0,0,1
No,Travel_Frequently,Sales,4,1,2,4,5071,No,20,2,0,3,0,0,0,2
Yes,Travel_Rarely,Sales,1,4,4,3,13695,Yes,17,3,0,2,3,1,1,1
No,Travel_Rarely,Research & Development,4,3,4,2,13402,Yes,12,1,1,3,15,0,1,1
No,Non-Travel,Research & Development,1,2,1,3,2029,No,20,3,3,3,0,0,0,0
No,Travel_Rarely,Research & Development,2,4,2,3,6377,No,20,2,3,3,11,0,0,1
No,Travel_Rarely,Research & Development,2,3,2,3,5429,No,13,1,2,3,7,0,0,1
Yes,Travel_Frequently,Sales,3,2,1,4,2785,No,14,3,0,4,0,1,0,2
Yes,Travel_Frequently,Sales,4,3,2,3,4614,Yes,18,3,1,2,3,1,1,2
No,Travel_Frequently,Research & Development,4,4,1,3,2610,No,11,4,3,3,0,0,0,2
No,Travel_Rarely,Research & Development,3,3,2,4,6687,No,11,4,0,4,4,0,0,1
No,Travel_Rarely,Sales,3,2,2,1,4724,No,11,3,1,3,0,0,0,1
Yes,Travel_Rarely,Research & Development,4,3,2,3,6179,Yes,15,4,2,2,6,1,1,1
No,Travel_Rarely,Sales,1,2,2,4,6120,Yes,12,4,2,4,1,0,1,1
No,Travel_Frequently,Sales,2,3,3,2,10596,No,11,2,0,3,3,0,0,2
No,Travel_Frequently,Research & Development,4,3,2,4,5467,Yes,14,1,2,2,3,0,1,2
No,Travel_Rarely,Research & Development,3,3,1,3,2996,Yes,15,4,0,3,1,0,1,1
No,Travel_Frequently,Sales,2,3,2,4,9998,No,13,1,0,4,1,0,0,2
No,Travel_Rarely,Sales,3,3,2,2,4078,Yes,13,1,3,2,1,0,1,1
No,Non-Travel,Research & Development,3,3,3,3,10920,No,21,2,1,3,0,0,0,0
No,Travel_Rarely,Sales,1,4,2,3,6232,No,11,2,0,2,1,0,0,1
No,Travel_Frequently,Research & Development,4,4,4,3,13247,Yes,11,2,1,2,0,0,1,2
No,Travel_Rarely,Research & Development,1,2,2,3,4081,Yes,14,1,0,1,1,0,1,1
No,Travel_Rarely,Sales,4,2,2,4,5769,Yes,11,4,0,3,4,0,1,1
Yes,Travel_Rarely,Research & Development,4,3,1,3,2394,Yes,13,4,0,3,7,1,1,1
No,Travel_Rarely,Research & Development,1,2,1,4,3904,No,12,4,0,3,1,0,0,1
No,Travel_Rarely,Human Resources,3,3,4,1,16799,No,14,3,1,3,0,0,0,1
No,Travel_Rarely,Research & Development,3,3,1,1,2950,No,13,3,0,1,0,0,0,1
No,Travel_Rarely,Research & Development,1,3,1,3,3629,No,18,1,0,3,0,0,0,1
No,Travel_Frequently,Research & Development,3,3,3,4,9362,No,11,3,0,3,2,0,0,2
No,Travel_Rarely,Research & Development,1,3,1,4,3229,No,11,2,1,2,0,0,0,1
No,Travel_Rarely,Research & Development,3,4,1,1,3578,No,12,4,0,3,0,0,0,1
No,Travel_Rarely,Human Resources,2,2,3,1,7988,No,13,1,0,2,0,0,0,1
Yes,Travel_Frequently,Research & Development,1,2,2,1,4284,No,20,1,0,3,1,1,0,2
Yes,Travel_Frequently,Research & Development,3,3,3,4,7553,Yes,12,1,0,3,7,1,1,2
No,Travel_Rarely,Research & Development,4,3,4,4,17328,No,19,4,0,2,12,0,0,1
No,Travel_Rarely,Research & Development,4,3,5,1,19701,Yes,21,3,1,3,1,0,1,1
No,Travel_Rarely,Research & Development,2,4,4,4,14732,No,13,4,2,4,0,0,0,1
No,Travel_Rarely,Sales,1,3,2,2,9278,Yes,16,4,0,3,0,0,1,1
Yes,Travel_Frequently,Sales,2,1,1,3,1359,No,12,2,0,3,0,1,0,2
No,Travel_Rarely,Sales,4,3,2,1,4779,No,14,2,2,3,0,0,0,1
No,Travel_Rarely,Research & Development,1,3,4,2,16422,No,11,3,0,4,1,0,0,1
No,Travel_Frequently,Research & Development,4,3,1,1,2996,No,14,3,2,3,1,0,0,2
Yes,Travel_Rarely,Research & Development,1,2,1,2,1261,No,12,3,0,4,0,1,0,1
No,Travel_Rarely,Research & Development,2,3,1,1,2099,No,14,2,0,4,1,0,0,1
No,Travel_Rarely,Research & Development,1,2,2,4,5810,No,16,3,0,2,1,0,0,1
No,Travel_Rarely,Sales,3,2,2,1,5647,No,13,1,2,2,0,0,0,1
No,Travel_Rarely,Research & Development,1,3,1,4,3420,No,12,3,1,2,1,0,0,1
Yes,Travel_Rarely,Sales,1,2,1,1,4400,No,12,1,0,3,2,1,0,1
No,Non-Travel,Research & Development,3,4,1,3,3500,No,14,1,0,1,1,0,0,0
No,Travel_Rarely,Research & Development,1,3,1,1,2066,No,22,4,1,4,1,0,0,1
No,Travel_Rarely,Research & Development,1,3,4,3,17169,No,19,2,2,4,5,0,0,1
No,Travel_Rarely,Sales,4,3,2,3,4162,Yes,12,3,2,3,0,0,1,1
No,Travel_Rarely,Sales,4,3,2,4,9204,No,12,3,1,2,0,0,0,1
No,Travel_Rarely,Research & Development,4,2,1,2,3294,No,17,1,1,2,0,0,0,1
No,Travel_Rarely,Research & Development,2,4,1,3,2127,Yes,12,1,0,2,0,0,1,1
No,Non-Travel,Research & Development,3,3,2,3,3975,No,11,3,2,4,0,0,0,0
No,Travel_Rarely,Sales,1,3,3,4,10793,No,18,1,1,3,9,0,0,1
Yes,Travel_Rarely,Sales,1,3,3,4,10096,No,11,1,1,4,4,1,0,1
Yes,Non-Travel,Research & Development,1,2,1,1,3646,Yes,23,2,0,4,0,1,1,0
Yes,Travel_Frequently,Research & Development,3,4,3,2,7446,No,11,1,0,3,4,1,0,2
No,Travel_Rarely,Research & Development,2,1,3,1,10851,Yes,18,2,1,3,0,0,1,1
No,Travel_Rarely,Human Resources,4,4,1,2,2109,No,18,4,0,3,0,0,0,1
Yes,Travel_Frequently,Research & Development,2,3,1,4,3722,Yes,13,3,1,1,2,1,1,2
No,Travel_Rarely,Research & Development,2,3,3,4,9380,Yes,18,4,2,4,1,0,1,1
No,Travel_Rarely,Sales,3,3,2,1,5486,No,11,1,3,3,2,0,0,1
Yes,Travel_Rarely,Human Resources,1,3,1,3,2742,No,15,4,0,3,2,1,0,1
No,Non-Travel,Research & Development,4,2,3,2,13757,No,11,3,1,3,4,0,0,0
No,Travel_Rarely,Sales,4,3,2,1,8463,No,18,4,0,3,1,0,0,1
No,Non-Travel,Research & Development,3,2,1,3,3162,No,14,4,0,3,0,0,0,0
No,Travel_Rarely,Research & Development,4,4,4,2,16598,No,12,2,0,2,8,0,0,1
No,Travel_Rarely,Research & Development,1,3,2,3,6651,No,14,2,1,2,1,0,0,1
No,Travel_Rarely,Research & Development,3,3,1,3,2345,No,14,3,1,4,1,0,0,1
No,Travel_Rarely,Research & Development,4,3,1,2,3420,No,13,3,0,2,1,0,0,1
No,Travel_Frequently,Sales,4,3,2,1,4373,No,14,1,2,3,0,0,0,2
No,Travel_Rarely,Sales,4,1,2,1,4759,No,18,4,0,3,3,0,0,1
No,Travel_Rarely,Sales,4,3,2,3,5301,No,15,3,2,2,2,0,0,1
No,Travel_Frequently,Research & Development,1,3,1,4,3673,No,13,3,0,3,5,0,0,2
No,Travel_Frequently,Sales,1,3,2,3,4768,No,12,3,1,2,0,0,0,2
No,Non-Travel,Research & Development,3,3,1,3,1274,No,13,2,2,2,0,0,0,0
No,Travel_Rarely,Research & Development,2,4,2,3,4900,No,24,1,1,2,2,0,0,1
No,Travel_Rarely,Research & Development,3,3,3,2,10466,No,14,2,2,3,0,0,0,1
No,Travel_Frequently,Research & Development,2,3,4,1,17007,No,14,4,2,2,6,0,0,2
Yes,Travel_Frequently,Sales,1,3,1,3,2909,No,15,4,1,4,1,1,0,2
Yes,Travel_Frequently,Sales,1,3,2,2,5765,No,11,1,0,1,0,1,0,2
Yes,Travel_Rarely,Sales,1,2,2,2,4599,Yes,23,3,0,4,10,1,1,1
No,Travel_Rarely,Sales,4,3,1,3,2404,No,13,1,1,3,0,0,0,1
Yes,Travel_Frequently,Research & Development,2,3,1,1,3172,Yes,11,3,0,2,0,1,1,2
No,Non-Travel,Sales,4,3,1,2,2033,No,13,3,1,3,0,0,0,0
No,Travel_Frequently,Research & Development,2,3,3,3,10209,Yes,18,2,0,2,2,0,1,2
No,Travel_Rarely,Sales,3,2,2,3,8620,No,14,3,2,3,0,0,0,1
No,Travel_Rarely,Human Resources,3,3,1,3,2064,No,21,1,1,4,1,0,0,1
No,Travel_Rarely,Research & Development,4,3,2,3,4035,Yes,16,2,0,3,1,0,1,1
No,Travel_Rarely,Research & Development,1,2,1,2,3838,No,11,4,0,3,0,0,0,1
No,Travel_Rarely,Sales,3,3,2,3,4591,Yes,17,3,1,2,1,0,1,1
Yes,Travel_Frequently,Research & Development,3,2,1,1,2561,No,11,3,0,2,0,1,0,2
No,Travel_Rarely,Research & Development,1,2,1,3,1563,No,14,4,1,1,0,0,0,1
No,Travel_Frequently,Sales,3,3,2,1,4898,No,14,4,0,3,1,0,0,2
No,Travel_Rarely,Research & Development,3,2,2,1,4789,No,25,1,1,3,1,0,0,1
No,Travel_Frequently,Research & Development,4,3,1,2,3180,No,13,3,3,3,0,0,0,2
No,Travel_Rarely,Research & Development,3,1,2,2,6549,No,14,2,2,2,1,0,0,1
No,Travel_Rarely,Research & Development,4,3,2,3,6388,Yes,17,1,0,3,0,0,1,1
No,Travel_Rarely,Research & Development,3,3,3,4,11244,No,25,2,0,4,0,0,0,1
No,Travel_Frequently,Research & Development,2,3,4,4,16032,No,20,1,1,3,1,0,0,2
Yes,Travel_Rarely,Research & Development,1,2,1,1,2362,No,13,3,0,1,0,1,0,1
No,Travel_Rarely,Research & Development,4,3,4,1,16328,No,13,3,1,4,14,0,0,1
No,Travel_Rarely,Research & Development,2,3,3,2,8376,No,18,4,0,3,2,0,0,1
No,Travel_Rarely,Sales,3,3,4,2,16606,No,12,4,1,4,5,0,0,1
No,Travel_Rarely,Research & Development,4,2,3,2,8606,No,19,4,0,1,3,0,0,1
No,Travel_Rarely,Research & Development,1,3,2,3,2272,No,14,2,0,3,1,0,0,1
Yes,Travel_Rarely,Research & Development,4,3,1,1,2018,No,14,2,0,1,1,1,0,1
No,Travel_Rarely,Sales,4,2,3,3,7083,Yes,14,4,0,3,8,0,1,1
Yes,Travel_Frequently,Research & Development,4,3,1,3,4084,No,12,1,0,1,7,1,0,2
No,Travel_Frequently,Research & Development,3,1,4,4,14411,Yes,13,4,0,3,13,0,1,2
No,Travel_Rarely,Sales,2,3,1,3,2308,Yes,25,2,1,3,5,0,1,1
No,Travel_Rarely,Research & Development,3,2,1,2,4841,No,14,2,1,3,0,0,0,1
No,Travel_Rarely,Research & Development,1,3,2,4,4285,No,17,1,0,3,3,0,0,1
No,Travel_Rarely,Research & Development,3,1,2,1,9715,No,13,3,1,3,0,0,0,1
No,Travel_Rarely,Research & Development,4,2,2,2,4320,No,13,4,0,3,0,0,0,1
No,Travel_Rarely,Research & Development,4,3,1,4,2132,No,20,4,1,3,0,0,0,1
No,Travel_Frequently,Research & Development,4,3,3,4,10124,Yes,14,3,1,1,13,0,1,2
No,Travel_Rarely,Sales,1,3,2,1,5473,No,12,4,0,4,7,0,0,1
No,Travel_Rarely,Research & Development,2,3,2,3,5207,Yes,12,2,1,3,5,0,1,1
No,Travel_Rarely,Human Resources,3,3,4,4,16437,Yes,21,4,0,3,7,0,1,1
No,Travel_Rarely,Research & Development,3,2,1,1,2296,No,14,2,3,3,0,0,0,1
No,Non-Travel,Research & Development,4,3,2,4,4069,Yes,18,3,0,3,2,0,1,0
No,Travel_Rarely,Research & Development,1,3,3,2,7441,No,12,1,3,3,7,0,0,1
No,Travel_Rarely,Sales,2,2,1,3,2430,No,23,1,2,3,4,0,0,1
No,Travel_Rarely,Research & Development,4,2,2,2,5878,No,12,1,1,3,2,0,0,1
No,Travel_Rarely,Sales,3,3,1,4,2644,Yes,21,4,0,2,1,0,1,1
No,Travel_Rarely,Sales,3,3,2,3,6439,No,14,3,1,3,7,0,0,1
No,Travel_Rarely,Research & Development,3,4,1,3,2451,No,18,1,2,2,0,0,0,1
No,Travel_Rarely,Sales,1,3,2,1,6392,No,13,4,1,1,2,0,0,1
Yes,Travel_Rarely,Sales,2,2,2,1,9714,No,11,4,1,3,6,1,0,1
No,Travel_Frequently,Human Resources,3,3,2,3,6077,No,11,3,0,3,1,0,0,2
No,Travel_Rarely,Research & Development,4,2,1,1,2450,No,19,2,0,3,1,0,0,1
No,Travel_Rarely,Sales,3,3,3,2,9250,No,12,2,1,3,1,0,0,1
Yes,Travel_Rarely,Research & Development,1,3,1,1,2074,Yes,12,4,1,3,0,1,1,1
Yes,Travel_Rarely,Research & Development,3,2,3,4,10169,No,16,2,1,3,1,1,0,1
Yes,Travel_Rarely,Research & Development,3,3,2,2,4855,No,11,1,2,3,1,1,0,1
No,Non-Travel,Research & Development,4,3,2,1,4087,No,14,2,1,2,1,0,0,0
No,Travel_Rarely,Research & Development,3,3,1,1,2367,No,12,4,1,2,7,0,0,1
No,Travel_Rarely,Research & Development,1,3,1,4,2972,No,13,3,0,1,0,0,0,1
No,Travel_Rarely,Sales,3,2,5,4,19586,No,21,3,1,3,2,0,0,1
No,Travel_Rarely,Research & Development,2,3,2,4,5484,No,17,2,1,2,2,0,0,1
No,Travel_Rarely,Research & Development,1,3,1,4,2061,No,21,1,0,3,0,0,0,1
No,Travel_Rarely,Sales,3,3,2,2,9924,No,11,4,1,3,7,0,0,1
No,Travel_Rarely,Sales,2,3,2,2,4198,No,12,2,0,4,1,0,0,1
No,Travel_Rarely,Sales,2,3,2,3,6815,No,13,1,0,3,0,0,0,1
No,Travel_Rarely,Research & Development,2,3,1,1,4723,Yes,18,4,0,3,1,0,1,1
No,Travel_Rarely,Research & Development,1,3,2,3,6142,Yes,16,3,0,3,0,0,1,1
No,Travel_Rarely,Sales,4,4,3,3,8237,No,11,1,1,3,7,0,0,1
No,Travel_Frequently,Research & Development,1,3,2,4,8853,No,19,4,1,4,1,0,0,2
No,Travel_Rarely,Sales,3,3,5,3,19331,Yes,16,3,1,3,0,0,1,1
No,Travel_Rarely,Research & Development,4,4,1,3,2073,No,16,4,1,3,2,0,0,1
No,Travel_Frequently,Research & Development,1,4,2,1,5562,Yes,13,4,1,3,0,0,1,2
No,Travel_Rarely,Research & Development,4,2,5,4,19613,No,22,4,0,3,0,0,0,1
No,Travel_Rarely,Research & Development,2,4,2,3,3407,No,17,4,2,2,6,0,0,1
No,Travel_Frequently,Research & Development,4,2,2,3,5063,No,14,2,1,2,7,0,0,2
No,Travel_Rarely,Sales,4,3,2,1,4639,No,15,3,1,3,1,0,0,1
No,Travel_Rarely,Research & Development,4,4,1,2,4876,No,12,3,1,3,0,0,0,1
No,Travel_Rarely,Research & Development,3,2,1,4,2690,No,18,4,1,2,0,0,0,1
No,Travel_Rarely,Sales,4,4,4,1,17567,No,15,2,0,1,0,0,0,1
Yes,Travel_Rarely,Research & Development,3,3,1,2,2408,Yes,17,3,3,3,0,1,1,1
No,Non-Travel,Research & Development,2,2,1,3,2814,Yes,14,2,0,2,1,0,1,0
No,Travel_Frequently,Research & Development,2,3,4,3,11245,Yes,15,3,1,3,12,0,1,2
No,Travel_Rarely,Research & Development,2,4,1,4,3312,No,17,4,2,3,0,0,0,1
No,Travel_Rarely,Research & Development,2,3,5,4,19049,Yes,14,4,1,2,1,0,1,1
No,Travel_Rarely,Research & Development,2,2,1,2,2141,No,12,2,1,2,1,0,0,1
No,Travel_Rarely,Research & Development,3,1,2,1,5769,Yes,14,1,0,3,1,0,1,1
No,Non-Travel,Sales,1,2,2,1,4385,No,15,1,1,3,4,0,0,0
No,Travel_Frequently,Sales,4,3,2,1,5332,No,13,4,0,3,0,0,0,2
No,Travel_Rarely,Research & Development,3,3,2,3,4663,Yes,12,2,2,3,1,0,1,1
No,Travel_Frequently,Research & Development,3,4,2,4,4724,No,13,1,1,3,7,0,0,2
No,Travel_Rarely,Research & Development,3,3,1,1,3211,No,14,4,1,2,1,0,0,1
No,Travel_Rarely,Research & Development,2,3,2,1,5377,No,13,4,3,3,7,0,0,1
No,Travel_Rarely,Research & Development,4,2,1,1,4066,No,11,1,2,3,0,0,0,1
No,Travel_Rarely,Research & Development,2,4,2,1,5208,No,11,4,0,3,1,0,0,1
No,Travel_Rarely,Research & Development,2,1,2,1,4877,No,21,2,1,2,0,0,0,1
No,Travel_Rarely,Research & Development,3,3,1,4,3117,No,18,3,0,3,2,0,0,1
Yes,Travel_Frequently,Sales,2,3,1,4,1569,Yes,12,3,0,4,0,1,1,2
No,Travel_Rarely,Human Resources,4,3,5,3,19658,No,11,3,1,3,1,0,0,1
No,Travel_Rarely,Research & Development,3,2,2,3,3069,No,15,4,1,3,0,0,0,1
No,Travel_Rarely,Research & Development,1,2,3,3,10435,No,13,4,2,3,14,0,0,1
No,Non-Travel,Research & Development,3,3,2,3,4148,No,12,4,1,3,2,0,0,0
No,Travel_Rarely,Research & Development,3,3,2,3,5768,No,17,1,3,2,0,0,0,1
No,Travel_Frequently,Research & Development,1,3,2,3,5042,No,13,4,0,1,3,0,0,2
No,Travel_Rarely,Research & Development,4,2,2,4,5770,No,19,1,2,3,3,0,0,1
No,Travel_Rarely,Research & Development,4,2,3,3,7756,Yes,19,4,1,4,0,0,1,1
Yes,Travel_Rarely,Sales,4,2,3,1,10306,No,17,3,0,3,6,1,0,1
No,Travel_Rarely,Research & Development,2,3,1,2,3936,No,11,1,1,1,7,0,0,1
No,Travel_Rarely,Research & Development,3,3,3,4,7945,Yes,15,4,0,2,3,0,1,1
No,Travel_Frequently,Human Resources,1,3,2,4,5743,Yes,11,3,0,3,0,0,1,2
No,Travel_Frequently,Research & Development,3,2,4,4,15202,No,25,2,1,3,2,0,0,2
Yes,Travel_Rarely,Sales,1,1,2,4,5440,Yes,14,4,2,2,2,1,1,1
No,Travel_Frequently,Research & Development,1,3,1,4,3760,Yes,13,3,0,3,1,0,1,2
No,Travel_Rarely,Research & Development,2,4,1,3,3517,No,17,1,0,3,0,0,0,1
No,Travel_Frequently,Research & Development,4,3,1,4,2580,No,13,3,0,2,1,0,0,2
Yes,Travel_Rarely,Research & Development,1,3,1,1,2166,Yes,14,2,0,1,0,1,1,1
No,Travel_Rarely,Sales,3,2,2,3,5869,No,11,3,0,3,1,0,0,1
No,Travel_Rarely,Research & Development,2,3,3,1,8008,No,12,3,2,3,0,0,0,1
No,Travel_Frequently,Research & Development,4,4,2,3,5206,No,17,3,2,3,0,0,0,2
No,Travel_Rarely,Research & Development,4,3,2,2,5295,No,21,3,0,3,1,0,0,1
No,Travel_Rarely,Research & Development,1,3,4,2,16413,No,16,2,2,3,1,0,0,1
No,Travel_Rarely,Research & Development,4,2,3,1,13269,No,15,3,3,3,1,0,0,1
No,Travel_Rarely,Sales,3,3,1,3,2783,No,19,1,0,3,2,0,0,1
No,Travel_Rarely,Research & Development,4,3,2,2,5433,No,12,3,1,3,7,0,0,1
No,Travel_Rarely,Research & Development,1,3,1,2,2013,No,11,3,0,3,1,0,0,1
No,Travel_Rarely,Research & Development,3,2,4,3,13966,Yes,19,2,1,3,2,0,1,1
No,Non-Travel,Research & Development,4,2,2,3,4374,No,15,3,0,3,1,0,0,0
No,Travel_Rarely,Research & Development,4,4,2,1,6842,No,20,1,1,3,0,0,0,1
No,Travel_Rarely,Research & Development,2,3,4,3,17426,No,25,3,1,3,4,0,0,1
No,Travel_Rarely,Research & Development,3,2,4,3,17603,No,24,1,1,3,6,0,0,1
Yes,Travel_Frequently,Sales,4,3,2,4,4581,Yes,24,1,0,4,6,1,1,2
No,Travel_Frequently,Research & Development,4,3,2,4,4735,No,15,4,2,4,2,0,0,2
No,Travel_Rarely,Sales,1,2,2,2,4187,Yes,13,2,1,2,0,0,1,1
No,Travel_Rarely,Sales,4,3,2,4,5505,No,14,3,2,3,0,0,0,1
No,Travel_Rarely,Research & Development,4,3,2,2,5470,No,13,3,2,2,1,0,0,1
No,Travel_Rarely,Sales,1,3,2,4,5476,No,11,1,2,3,0,0,0,1
No,Travel_Rarely,Research & Development,4,3,1,1,2587,Yes,16,2,1,2,2,0,1,1
No,Travel_Frequently,Research & Development,4,2,1,2,2440,No,22,2,0,3,3,0,0,2
No,Travel_Rarely,Sales,2,4,4,2,15972,No,14,3,3,3,1,0,0,1
No,Travel_Rarely,Research & Development,3,3,4,3,15379,No,14,1,0,3,0,0,0,1
No,Travel_Rarely,Sales,4,3,3,3,7082,Yes,16,4,0,3,0,0,1,1
No,Travel_Rarely,Sales,4,3,1,1,2728,No,11,1,0,3,0,0,0,1
No,Non-Travel,Sales,3,3,2,4,5368,Yes,25,3,1,3,1,0,1,0
No,Travel_Rarely,Research & Development,1,3,2,3,5347,No,14,2,2,2,0,0,0,1
No,Travel_Rarely,Human Resources,3,3,1,4,3195,Yes,18,1,3,3,2,0,1,1
Yes,Travel_Rarely,Research & Development,4,2,1,3,3989,Yes,11,1,0,3,1,1,1,1
No,Travel_Rarely,Research & Development,4,3,1,3,3306,No,19,4,1,2,0,0,0,1
No,Travel_Rarely,Research & Development,2,4,3,4,7005,No,15,3,0,3,1,0,0,1
Yes,Travel_Frequently,Sales,4,3,1,3,2655,Yes,11,3,2,3,7,1,1,2
Yes,Travel_Rarely,Research & Development,4,3,1,2,1393,No,12,1,0,3,0,1,0,1
No,Non-Travel,Research & Development,4,3,1,4,2570,No,20,3,0,3,5,0,0,0
No,Travel_Rarely,Research & Development,1,2,1,2,3537,No,12,4,1,3,1,0,0,1
No,Travel_Rarely,Research & Development,2,2,2,4,3986,No,14,3,1,4,4,0,0,1
No,Travel_Rarely,Research & Development,3,1,3,4,10883,No,20,3,1,4,0,0,0,1
No,Travel_Rarely,Research & Development,2,4,1,2,2028,No,18,4,3,3,2,0,0,1
No,Travel_Frequently,Sales,3,1,2,4,9525,No,14,3,2,2,1,0,0,2
No,Travel_Rarely,Research & Development,2,2,1,4,2929,No,12,2,0,3,8,0,0,1
Yes,Travel_Rarely,Sales,3,3,1,4,2275,Yes,21,2,1,3,0,1,1,1
No,Travel_Rarely,Research & Development,3,4,3,4,7879,Yes,19,2,1,3,6,0,1,1
No,Travel_Frequently,Research & Development,1,2,1,4,4930,Yes,14,3,0,4,1,0,1,2
No,Travel_Rarely,Sales,4,3,2,4,7847,Yes,17,1,1,3,8,0,1,1
No,Travel_Rarely,Research & Development,3,4,1,3,4401,No,16,4,1,3,0,0,0,1
No,Travel_Rarely,Sales,4,3,3,3,9241,No,12,2,0,3,8,0,0,1
No,Travel_Rarely,Research & Development,4,3,1,3,2974,No,17,3,1,3,1,0,0,1
No,Travel_Rarely,Sales,3,3,2,4,4502,No,15,3,0,2,6,0,0,1
No,Non-Travel,Research & Development,3,2,3,3,10748,No,23,4,1,2,14,0,0,0
Yes,Travel_Rarely,Human Resources,4,1,1,3,1555,No,11,3,1,3,0,1,0,1
Yes,Travel_Frequently,Sales,3,1,4,3,12936,No,11,3,0,1,14,1,0,2
No,Travel_Rarely,Research & Development,4,1,1,3,2305,No,15,3,3,4,0,0,0,1
No,Travel_Rarely,Research & Development,4,2,4,2,16704,No,11,3,0,3,8,0,0,1
No,Travel_Frequently,Research & Development,1,3,1,3,3433,No,13,1,1,2,1,0,0,2
No,Travel_Rarely,Research & Development,2,3,1,3,3477,No,14,4,1,4,0,0,0,1
No,Non-Travel,Human Resources,3,1,2,2,6430,No,19,2,1,3,1,0,0,0
No,Travel_Rarely,Research & Development,2,3,2,1,6516,Yes,16,2,1,3,0,0,1,1
No,Travel_Rarely,Research & Development,2,3,1,1,3907,No,13,2,3,4,1,0,0,1
No,Travel_Rarely,Research & Development,3,3,2,2,5562,No,14,4,0,3,0,0,0,1
No,Travel_Rarely,Research & Development,4,3,2,3,6883,No,16,2,1,3,0,0,0,1
No,Travel_Rarely,Research & Development,2,3,1,4,2862,No,12,2,1,2,0,0,0,1
No,Non-Travel,Sales,3,3,2,2,4978,No,11,4,1,1,0,0,0,0
No,Travel_Rarely,Sales,3,3,3,4,10368,Yes,12,2,1,2,0,0,1,1
Yes,Travel_Rarely,Sales,2,2,2,1,6134,Yes,13,2,3,3,2,1,1,1
Yes,Travel_Rarely,Sales,1,1,2,2,6735,No,15,2,0,3,0,1,0,1
No,Travel_Rarely,Research & Development,3,3,1,2,3295,No,13,3,0,1,1,0,0,1
No,Travel_Frequently,Research & Development,4,3,2,4,5238,No,20,4,0,2,1,0,0,2
No,Non-Travel,Research & Development,4,3,2,4,6472,Yes,15,4,1,3,5,0,1,0
No,Travel_Rarely,Sales,4,1,3,3,9610,No,13,3,1,1,0,0,0,1
No,Travel_Rarely,Sales,2,3,5,2,19833,No,14,2,0,2,12,0,0,1
No,Travel_Rarely,Human Resources,3,1,3,3,9756,No,21,3,2,4,0,0,0,1
No,Travel_Frequently,Research & Development,4,2,1,1,4968,No,16,4,0,3,0,0,0,2
No,Travel_Frequently,Human Resources,1,3,1,4,2145,No,14,4,1,3,2,0,0,2
Yes,Travel_Frequently,Human Resources,3,2,1,4,2180,No,11,3,1,2,1,1,0,2
No,Travel_Rarely,Sales,1,3,2,3,8346,No,19,3,1,3,0,0,0,1
No,Travel_Rarely,Research & Development,3,3,1,4,3445,No,11,3,0,2,1,0,0,1
Yes,Travel_Rarely,Sales,2,1,1,2,2760,No,13,3,0,3,2,1,0,1
No,Travel_Frequently,Research & Development,4,4,2,3,6294,Yes,12,4,0,4,0,0,1,2
No,Travel_Rarely,Sales,3,2,3,1,7140,No,11,1,1,3,1,0,0,1
No,Travel_Rarely,Research & Development,4,4,1,4,2932,Yes,14,1,3,3,1,0,1,1
No,Non-Travel,Sales,4,3,2,2,5147,No,15,4,0,2,1,0,0,0
No,Travel_Rarely,Sales,4,3,2,4,4507,No,12,3,0,4,0,0,0,1
Yes,Travel_Rarely,Sales,1,3,3,1,8564,Yes,20,3,0,2,0,1,1,1
No,Travel_Frequently,Research & Development,3,2,1,2,2468,No,14,2,1,2,0,0,0,2
Yes,Travel_Rarely,Sales,1,3,3,3,8161,No,13,1,3,3,0,1,0,1
No,Travel_Rarely,Research & Development,4,2,1,1,2109,No,13,3,1,3,0,0,0,1
No,Travel_Rarely,Research & Development,3,4,2,3,5294,No,16,3,1,3,1,0,0,1
No,Non-Travel,Research & Development,2,3,1,2,2718,No,14,2,0,3,0,0,0,0
No,Travel_Rarely,Research & Development,2,1,2,4,5811,Yes,16,3,1,3,1,0,1,1
Yes,Travel_Frequently,Research & Development,3,2,1,3,2437,Yes,16,4,1,3,0,1,1,2
No,Travel_Rarely,Research & Development,2,3,1,2,2766,No,22,2,3,2,0,0,0,1
No,Travel_Rarely,Research & Development,3,2,5,1,19038,No,12,2,3,3,0,0,0,1
No,Non-Travel,Research & Development,4,3,2,2,3055,No,15,4,2,2,1,0,0,0
No,Travel_Rarely,Research & Development,3,3,1,1,2289,No,20,2,2,3,0,0,0,1
No,Non-Travel,Sales,4,3,2,3,4001,Yes,14,3,1,3,0,0,1,0
No,Non-Travel,Research & Development,1,2,4,3,12965,Yes,20,4,3,2,0,0,1,0
No,Travel_Rarely,Human Resources,2,3,1,4,3539,No,13,2,0,3,1,0,0,1
No,Travel_Rarely,Sales,4,1,2,4,6029,No,12,1,0,3,2,0,0,1
Yes,Travel_Rarely,Sales,2,3,1,2,2679,No,13,2,0,3,1,1,0,1
No,Travel_Rarely,Research & Development,4,2,1,3,3702,No,11,2,1,3,0,0,0,1
Yes,Travel_Rarely,Research & Development,3,3,1,1,2398,Yes,17,3,0,3,0,1,1,1
No,Travel_Rarely,Sales,1,2,2,4,5468,No,14,1,2,3,5,0,0,1
No,Travel_Rarely,Research & Development,1,3,3,3,13116,No,11,4,0,3,2,0,0,1
No,Travel_Rarely,Sales,2,2,2,2,4189,No,14,1,2,3,0,0,0,1
No,Travel_Rarely,Research & Development,3,3,5,4,19328,Yes,17,3,1,3,2,0,1,1
No,Travel_Rarely,Research & Development,4,3,3,1,8321,Yes,13,4,1,3,5,0,1,1
Yes,Travel_Frequently,Research & Development,3,3,1,2,2342,Yes,12,3,3,2,2,1,1,2
No,Travel_Rarely,Human Resources,3,3,2,2,4071,No,13,3,0,2,4,0,0,1
Yes,Travel_Rarely,Sales,3,3,2,4,5813,Yes,18,4,0,3,7,1,1,1
No,Travel_Rarely,Research & Development,4,4,1,1,3143,No,19,2,1,3,7,0,0,1
No,Travel_Rarely,Research & Development,3,3,1,4,2044,No,11,3,1,4,0,0,0,1
No,Travel_Rarely,Research & Development,3,3,3,3,13464,No,21,3,0,3,2,0,0,1
No,Non-Travel,Sales,2,2,2,2,7991,No,15,3,0,3,2,0,0,0
No,Travel_Rarely,Research & Development,3,3,1,1,3377,No,17,4,1,2,0,0,0,1
No,Travel_Rarely,Research & Development,2,4,2,1,5538,No,18,3,2,2,0,0,0,1
No,Non-Travel,Research & Development,2,3,2,4,5762,No,14,3,1,3,1,0,0,0
No,Non-Travel,Human Resources,1,3,1,2,2592,No,13,4,3,3,3,0,0,0
Yes,Travel_Frequently,Research & Development,4,3,2,1,5346,No,17,3,1,2,0,1,0,2
Yes,Travel_Rarely,Research & Development,4,3,2,1,4213,No,15,2,0,1,0,1,0,1
No,Travel_Frequently,Sales,3,3,2,4,4127,No,18,4,1,3,2,0,0,2
No,Non-Travel,Research & Development,1,3,1,3,2438,No,13,3,0,2,1,0,0,0
No,Travel_Rarely,Research & Development,2,4,2,2,6870,No,12,1,0,1,1,0,0,1
No,Travel_Rarely,Sales,3,3,3,3,10447,Yes,13,4,1,4,13,0,1,1
No,Travel_Rarely,Research & Development,1,3,3,3,9667,No,14,2,0,3,0,0,0,1
Yes,Travel_Rarely,Human Resources,4,3,1,2,2148,Yes,11,3,0,3,1,1,1,1
Yes,Travel_Rarely,Research & Development,4,3,2,2,8926,No,22,4,1,4,3,1,0,1
No,Travel_Rarely,Research & Development,3,3,2,4,6513,No,17,4,1,3,0,0,0,1
No,Travel_Rarely,Sales,2,4,2,3,6799,No,21,3,2,3,4,0,0,1
No,Non-Travel,Sales,2,3,4,2,16291,No,22,4,1,2,14,0,0,0
No,Travel_Rarely,Research & Development,2,1,1,3,2705,No,16,2,1,4,0,0,0,1
No,Travel_Rarely,Research & Development,3,2,3,2,10333,Yes,12,3,1,3,14,0,1,1
No,Travel_Rarely,Research & Development,2,3,2,1,4448,No,12,2,1,3,7,0,0,1
No,Travel_Rarely,Research & Development,4,3,2,4,6854,No,15,2,1,2,1,0,0,1
No,Travel_Frequently,Sales,1,3,3,1,9637,No,14,4,2,3,2,0,0,2
No,Travel_Rarely,Research & Development,3,3,1,1,3591,No,25,3,1,3,1,0,0,1
No,Travel_Rarely,Sales,2,1,2,4,5405,Yes,20,1,2,2,0,0,1,1
No,Travel_Rarely,Sales,3,3,2,4,4684,No,13,1,0,3,1,0,0,1
No,Travel_Frequently,Research & Development,1,3,4,3,15787,Yes,14,2,0,3,2,0,1,2
No,Non-Travel,Research & Development,2,3,1,3,1514,No,16,3,0,1,0,0,0,0
Yes,Travel_Rarely,Human Resources,4,4,1,1,2956,No,17,3,0,3,0,1,0,1
Yes,Travel_Rarely,Human Resources,1,2,1,1,2335,Yes,15,4,3,3,2,1,1,1
No,Non-Travel,Sales,3,3,2,3,5154,No,22,2,2,4,5,0,0,0
No,Travel_Rarely,Research & Development,4,3,2,2,6962,Yes,22,4,1,3,0,0,1,1
No,Travel_Frequently,Sales,1,3,2,4,5675,No,20,3,1,3,7,0,0,2
No,Travel_Frequently,Research & Development,4,3,1,4,2379,Yes,14,3,0,2,0,0,1,2
No,Travel_Frequently,Research & Development,4,3,1,4,3812,No,13,2,0,4,3,0,0,2
No,Travel_Frequently,Sales,4,3,2,4,4648,No,13,3,0,4,0,0,0,2
No,Non-Travel,Research & Development,3,3,1,3,2936,No,22,2,2,2,3,0,0,0
No,Travel_Rarely,Research & Development,2,3,1,3,2105,No,12,3,0,3,2,0,0,1
No,Travel_Rarely,Research & Development,4,3,3,4,8578,No,14,3,1,2,4,0,0,1
No,Non-Travel,Human Resources,3,3,1,4,2706,No,15,2,1,3,2,0,0,0
No,Travel_Rarely,Research & Development,4,1,2,3,6384,No,17,4,2,3,1,0,0,1
No,Travel_Rarely,Research & Development,4,3,1,3,3968,No,13,4,0,3,0,0,0,1
Yes,Travel_Rarely,Sales,3,2,2,2,9907,Yes,12,3,0,2,2,1,1,1
No,Travel_Rarely,Sales,1,4,4,1,13225,No,12,4,1,3,2,0,0,1
No,Travel_Rarely,Sales,2,2,2,3,3540,No,21,4,1,3,5,0,0,1
No,Travel_Rarely,Human Resources,4,2,1,2,2804,No,11,4,0,3,0,0,0,1
No,Travel_Rarely,Research & Development,1,2,5,3,19392,No,13,4,0,3,6,0,0,1
No,Travel_Rarely,Research & Development,4,2,5,2,19665,No,12,4,0,3,12,0,0,1
Yes,Travel_Frequently,Research & Development,4,2,1,4,2439,Yes,24,2,0,2,1,1,1,2
Yes,Travel_Rarely,Sales,3,3,3,2,7314,No,21,3,3,3,0,1,0,1
No,Travel_Frequently,Research & Development,4,2,1,1,4774,No,19,4,1,2,7,0,0,2
No,Travel_Rarely,Research & Development,4,3,2,4,3902,No,14,2,3,3,2,0,0,1
No,Travel_Rarely,Research & Development,2,2,1,4,2662,No,20,2,1,4,0,0,0,1
No,Travel_Rarely,Sales,2,3,1,2,2856,No,19,4,1,3,0,0,0,1
Yes,Travel_Rarely,Sales,2,3,1,4,1081,No,13,3,0,2,0,1,0,1
Yes,Travel_Rarely,Research & Development,4,3,1,2,2472,Yes,23,1,0,3,0,1,1,1
No,Travel_Rarely,Sales,2,2,2,3,5673,Yes,13,1,1,3,1,0,1,1
No,Travel_Rarely,Research & Development,2,3,2,3,4197,No,11,1,1,3,0,0,0,1
No,Travel_Rarely,Sales,3,3,3,4,9713,Yes,13,4,3,3,1,0,1,1
No,Travel_Rarely,Research & Development,4,3,1,1,2062,No,14,2,0,3,1,0,0,1
No,Travel_Rarely,Research & Development,4,3,2,1,4284,Yes,22,3,1,3,0,0,1,1
No,Travel_Rarely,Research & Development,4,2,2,2,4788,Yes,11,4,0,3,0,0,1,1
No,Travel_Rarely,Research & Development,2,2,2,4,5906,No,13,4,2,2,3,0,0,1
No,Travel_Frequently,Human Resources,2,2,2,4,3886,No,21,4,0,2,0,0,0,2
No,Travel_Rarely,Research & Development,1,3,4,1,16823,No,11,1,1,3,11,0,0,1
No,Travel_Rarely,Research & Development,2,2,1,3,2933,Yes,13,3,1,2,1,0,1,1
No,Travel_Rarely,Sales,1,4,2,3,6500,No,14,2,0,2,0,0,0,1
No,Travel_Frequently,Research & Development,4,3,4,4,17174,No,11,2,1,3,4,0,0,2
No,Travel_Rarely,Research & Development,2,4,2,1,5033,No,15,4,1,3,2,0,0,1
Yes,Non-Travel,Research & Development,4,1,1,1,2307,Yes,23,2,1,3,3,1,1,0
Yes,Travel_Rarely,Research & Development,1,3,1,4,2587,No,16,4,0,3,1,1,0,1
No,Travel_Rarely,Sales,3,2,2,2,5507,No,16,3,2,1,1,0,0,1
No,Travel_Rarely,Sales,3,3,2,2,4393,No,21,3,1,3,1,0,0,1
No,Travel_Rarely,Research & Development,3,3,3,1,13348,No,13,2,1,4,5,0,0,1
No,Travel_Rarely,Sales,3,3,2,4,6583,Yes,11,4,1,3,1,0,1,1
No,Travel_Rarely,Sales,4,2,2,4,8103,Yes,12,3,0,2,0,0,1,1
No,Travel_Rarely,Research & Development,1,4,1,3,3978,No,12,2,1,2,2,0,0,1
No,Travel_Frequently,Research & Development,3,4,1,4,2544,No,18,1,1,3,7,0,0,2
No,Travel_Frequently,Research & Development,2,3,2,3,5399,No,12,3,0,3,0,0,0,2
No,Travel_Rarely,Sales,2,3,2,3,5487,No,14,2,0,2,0,0,0,1
No,Travel_Frequently,Sales,3,2,2,4,6834,Yes,12,3,1,3,0,0,1,2
Yes,Travel_Frequently,Sales,3,4,1,1,1091,No,17,4,0,3,0,1,0,2
No,Non-Travel,Sales,1,1,2,3,5736,No,19,3,1,3,1,0,0,0
No,Travel_Rarely,Research & Development,2,3,1,2,2226,No,11,3,1,2,1,0,0,1
No,Travel_Frequently,Research & Development,3,2,2,4,5747,Yes,15,2,0,3,6,0,1,2
Yes,Travel_Rarely,Sales,4,3,2,3,9854,Yes,11,4,0,3,2,1,1,1
No,Non-Travel,Research & Development,3,3,2,2,5467,No,18,3,1,4,1,0,0,0
No,Travel_Rarely,Sales,4,2,2,1,5380,No,16,3,1,3,0,0,0,1
No,Travel_Rarely,Research & Development,1,3,2,1,5151,No,25,4,1,3,7,0,0,1
No,Travel_Frequently,Research & Development,4,2,2,2,2133,Yes,16,3,1,3,0,0,1,2
No,Travel_Rarely,Sales,4,3,4,4,17875,Yes,13,3,1,2,0,0,1,1
Yes,Travel_Frequently,Research & Development,1,4,1,3,2432,Yes,14,1,0,3,0,1,1,2
No,Travel_Rarely,Research & Development,2,3,1,4,4771,No,19,4,2,4,0,0,0,1
No,Travel_Frequently,Research & Development,2,3,5,4,19161,No,15,4,0,3,4,0,0,2
No,Travel_Rarely,Sales,2,3,2,4,5087,Yes,12,3,2,3,0,0,1,1
Yes,Travel_Frequently,Human Resources,1,2,1,2,2863,No,12,1,0,3,0,1,0,2
No,Travel_Rarely,Sales,2,3,2,1,5561,No,16,4,1,1,0,0,0,1
No,Non-Travel,Research & Development,3,3,1,3,2144,No,14,3,0,2,1,0,0,0
No,Non-Travel,Research & Development,3,3,1,1,3065,Yes,13,4,1,4,2,0,1,0
No,Non-Travel,Research & Development,1,4,1,2,2810,No,22,2,0,3,0,0,0,0
No,Travel_Rarely,Sales,1,3,3,4,9888,No,21,1,0,2,2,0,0,1
No,Travel_Rarely,Sales,4,3,3,3,8628,No,18,3,1,2,1,0,0,1
No,Travel_Rarely,Research & Development,3,3,1,1,2867,No,13,4,0,2,7,0,0,1
No,Travel_Rarely,Research & Development,1,3,2,1,5373,No,12,1,1,2,0,0,0,1
No,Non-Travel,Research & Development,3,3,2,4,6667,No,18,2,1,3,1,0,0,0
No,Travel_Frequently,Research & Development,4,1,2,1,5003,No,21,2,0,3,8,0,0,2
Yes,Travel_Rarely,Research & Development,3,2,1,4,2367,No,12,1,1,2,0,1,0,1
No,Travel_Rarely,Sales,1,2,1,1,2858,No,14,1,0,2,0,0,0,1
No,Travel_Rarely,Sales,3,3,2,4,5204,Yes,11,4,0,3,0,0,1,1
No,Travel_Rarely,Sales,4,3,2,4,4105,No,14,1,0,3,0,0,0,1
No,Travel_Rarely,Research & Development,4,2,2,4,9679,No,24,2,0,3,0,0,0,1
Yes,Travel_Frequently,Sales,1,3,2,4,5617,Yes,11,3,0,3,0,1,1,2
Yes,Travel_Rarely,Sales,1,3,3,1,10448,Yes,13,2,0,2,2,1,1,1
No,Travel_Rarely,Research & Development,1,3,2,3,2897,No,11,3,2,2,2,0,0,1
No,Travel_Frequently,Research & Development,4,3,2,3,5968,No,20,3,3,3,2,0,0,2
No,Travel_Rarely,Research & Development,1,3,3,3,7510,No,17,2,1,3,0,0,0,1
No,Travel_Frequently,Human Resources,4,3,1,2,2991,Yes,11,2,1,3,1,0,1,2
No,Travel_Rarely,Human Resources,3,4,5,2,19636,Yes,18,1,1,3,1,0,1,1
No,Travel_Rarely,Research & Development,4,1,1,4,1129,Yes,11,3,3,3,0,0,1,1
No,Travel_Rarely,Sales,2,3,4,1,13341,No,12,1,0,3,11,0,0,1
No,Non-Travel,Research & Development,4,2,2,3,4332,No,12,4,0,3,3,0,0,0
No,Non-Travel,Research & Development,3,3,3,3,11031,No,20,3,1,4,4,0,0,0
No,Travel_Rarely,Research & Development,3,3,2,1,4440,Yes,19,4,0,3,1,0,1,1
No,Travel_Rarely,Research & Development,2,2,2,3,4617,No,12,2,0,2,1,0,0,1
No,Travel_Rarely,Research & Development,4,3,1,4,2647,No,13,3,0,4,1,0,0,1
No,Travel_Frequently,Research & Development,4,3,2,3,6323,No,11,1,1,4,9,0,0,2
No,Travel_Rarely,Sales,2,3,2,2,5677,No,14,3,1,3,5,0,0,1
No,Travel_Rarely,Human Resources,3,3,1,2,2187,No,14,3,0,3,1,0,0,1
No,Travel_Rarely,Research & Development,4,3,1,2,3748,No,13,3,0,2,1,0,0,1
No,Travel_Rarely,Research & Development,4,3,1,3,3977,Yes,19,3,1,2,0,0,1,1
No,Travel_Rarely,Research & Development,1,3,3,3,8633,No,23,2,0,3,12,0,0,1
No,Non-Travel,Research & Development,2,2,1,3,2008,No,12,3,3,2,0,0,0,0
No,Travel_Rarely,Sales,4,3,2,2,4440,No,15,1,2,3,5,0,0,1
No,Travel_Rarely,Sales,1,3,1,3,3067,No,19,3,1,3,1,0,0,1
No,Travel_Frequently,Research & Development,1,2,2,3,5321,No,11,4,1,3,7,0,0,2
No,Travel_Rarely,Research & Development,4,3,2,1,5410,Yes,17,3,1,2,1,0,1,1
No,Travel_Rarely,Research & Development,4,3,1,4,2782,No,22,1,1,3,1,0,0,1
No,Non-Travel,Research & Development,3,3,3,2,11957,No,18,1,2,1,5,0,0,0
No,Travel_Rarely,Research & Development,4,3,1,3,2660,Yes,11,3,1,3,2,0,1,1
No,Travel_Rarely,Research & Development,4,3,1,3,3375,No,12,4,0,4,1,0,0,1
No,Travel_Rarely,Research & Development,2,3,2,3,5098,No,19,2,0,3,0,0,0,1
No,Travel_Rarely,Research & Development,2,3,2,4,4878,Yes,13,1,1,3,8,0,1,1
No,Travel_Rarely,Research & Development,3,2,1,2,2837,No,13,3,0,3,4,0,0,1
No,Travel_Rarely,Research & Development,1,3,1,4,2406,No,19,3,2,2,0,0,0,1
No,Travel_Rarely,Sales,2,2,1,2,2269,No,14,2,1,3,2,0,0,1
No,Travel_Rarely,Research & Development,1,3,2,4,4108,No,13,1,0,3,1,0,0,1
No,Travel_Rarely,Research & Development,2,1,3,3,13206,No,12,1,1,3,1,0,0,1
No,Travel_Rarely,Sales,3,3,3,4,10422,No,19,3,2,3,5,0,0,1
No,Travel_Rarely,Research & Development,3,4,3,4,13744,Yes,25,1,1,3,6,0,1,1
No,Travel_Rarely,Sales,1,3,2,3,4907,Yes,22,2,1,2,0,0,1,1
No,Non-Travel,Sales,1,3,1,4,3482,No,15,2,2,2,0,0,0,0
No,Travel_Rarely,Research & Development,2,3,1,4,2436,Yes,12,3,0,3,1,0,1,1
No,Travel_Rarely,Sales,3,3,1,1,2380,Yes,11,4,0,3,1,0,1,1
No,Non-Travel,Research & Development,4,3,5,4,19431,No,13,3,0,2,1,0,0,0
Yes,Travel_Frequently,Sales,4,3,1,1,1790,No,19,1,1,2,1,1,0,2
No,Travel_Rarely,Sales,1,2,3,4,7644,No,19,3,2,3,3,0,0,1
No,Travel_Frequently,Research & Development,4,3,2,2,5131,No,13,2,3,3,0,0,0,2
No,Non-Travel,Research & Development,3,3,2,3,6306,No,21,1,1,2,1,0,0,0
Yes,Travel_Rarely,Research & Development,1,3,1,4,4787,Yes,14,2,3,4,2,1,1,1
No,Travel_Rarely,Research & Development,1,3,5,3,18880,No,11,1,0,2,4,0,0,1
Yes,Travel_Rarely,Research & Development,4,3,1,3,2339,No,11,4,1,1,9,1,0,1
No,Travel_Rarely,Research & Development,1,2,4,2,13570,No,23,3,1,3,0,0,0,1
No,Travel_Rarely,Sales,4,2,2,3,6712,No,21,4,2,3,1,0,0,1
No,Non-Travel,Sales,4,1,2,4,5406,No,24,1,1,2,11,0,0,0
No,Travel_Rarely,Sales,3,2,2,2,8938,No,11,3,1,3,0,0,0,1
No,Travel_Rarely,Research & Development,4,3,1,1,2439,No,14,4,0,3,1,0,0,1
No,Travel_Rarely,Human Resources,3,3,3,4,8837,Yes,16,3,0,3,1,0,1,1
No,Travel_Rarely,Sales,1,3,2,4,5343,No,11,3,1,3,1,0,0,1
Yes,Travel_Frequently,Sales,2,3,2,3,6728,No,12,4,2,3,0,1,0,2
No,Travel_Rarely,Sales,2,2,2,4,6652,No,13,1,1,2,0,0,0,1
No,Travel_Rarely,Sales,4,3,2,3,4850,No,15,3,0,3,0,0,0,1
No,Travel_Rarely,Research & Development,3,2,1,3,2809,No,14,4,0,3,2,0,0,1
No,Travel_Frequently,Research & Development,3,3,2,3,5689,Yes,14,4,2,4,0,0,1,2
No,Travel_Rarely,Research & Development,3,3,1,3,2001,No,14,2,3,3,0,0,0,1
No,Travel_Rarely,Research & Development,3,1,1,4,2977,No,12,4,1,3,1,0,0,1
No,Travel_Rarely,Research & Development,4,2,2,2,4025,Yes,13,1,1,3,0,0,1,1
No,Travel_Rarely,Research & Development,4,2,1,1,3785,No,14,2,0,1,0,0,0,1
Yes,Travel_Rarely,Sales,4,2,3,1,10854,Yes,13,2,1,3,2,1,1,1
No,Travel_Rarely,Sales,2,2,4,4,12031,No,11,1,1,2,9,0,0,1
No,Non-Travel,Research & Development,2,3,2,1,9936,No,19,2,0,3,1,0,0,0
No,Travel_Rarely,Sales,4,2,1,3,2966,No,18,4,0,3,0,0,0,1
No,Travel_Frequently,Research & Development,3,4,2,4,2571,No,17,3,1,3,0,0,0,2
No,Travel_Rarely,Research & Development,4,2,3,1,9991,No,15,1,1,3,1,0,0,1
No,Travel_Rarely,Research & Development,2,4,2,2,6142,Yes,20,2,1,3,0,0,1,1
No,Travel_Frequently,Sales,4,2,2,2,5390,No,14,4,0,2,0,0,0,2
No,Travel_Rarely,Research & Development,2,4,2,3,4404,No,12,1,0,4,1,0,0,1
